,child_id,child_sex,normative,dob_criterion,dob_accuracy,age (months),dataset,normative_criterion
2,04030100001015,M,Y,exact,day,58.15,timor-leste2024,
3,04030100001014,M,Y,exact,day,58.15,timor-leste2024,
4,04030100001054,F,Y,exact,day,8.84,timor-leste2024,
5,04030100001063,F,Y,exact,day,8.84,timor-leste2024,
6,04030100001096,F,Y,exact,day,39.39,timor-leste2024,
7,04030900001014,F,Y,exact,day,39.39,timor-leste2024,
8,04030900001013,M,Y,exact,day,39.39,timor-leste2024,
9,04030900001033,F,Y,exact,day,39.39,timor-leste2024,
10,04030900001074,M,Y,exact,day,39.39,timor-leste2024,
11,04030900001105,F,Y,exact,day,39.39,timor-leste2024,
12,04031400001014,M,Y,exact,day,36.21,timor-leste2024,
13,04031400001044,F,Y,exact,day,36.21,timor-leste2024,
14,04031400001078,F,Y,exact,day,58.78,timor-leste2024,
15,04031400001096,M,Y,exact,day,58.78,timor-leste2024,
16,04031700001017,F,Y,exact,day,58.78,timor-leste2024,
17,04031700001025,F,Y,exact,day,58.78,timor-leste2024,
18,04031700001034,M,Y,exact,day,58.78,timor-leste2024,
19,04031700001047,M,Y,exact,day,58.78,timor-leste2024,
20,04050100001016,M,Y,exact,day,58.78,timor-leste2024,
21,04050100001024,F,Y,exact,day,58.78,timor-leste2024,
22,04050100001044,F,Y,exact,day,58.78,timor-leste2024,
23,04050400001016,F,Y,exact,day,58.78,timor-leste2024,
24,04050400001015,M,Y,exact,day,58.78,timor-leste2024,
25,04050400001024,F,Y,exact,day,58.78,timor-leste2024,
26,04050400001035,F,Y,exact,day,58.78,timor-leste2024,
27,04050400001044,M,Y,exact,day,58.78,timor-leste2024,
28,04050500001025,F,Y,exact,day,58.78,timor-leste2024,
29,04050500001023,F,Y,exact,day,58.78,timor-leste2024,
30,04050500001036,F,Y,exact,day,58.78,timor-leste2024,
31,04050500001035,F,Y,exact,day,58.78,timor-leste2024,
32,04050500001044,F,Y,exact,day,58.78,timor-leste2024,
33,04050700001164,F,Y,exact,day,58.78,timor-leste2024,
34,04050700001185,M,Y,exact,day,58.78,timor-leste2024,
35,04050700001184,M,Y,exact,day,58.78,timor-leste2024,
36,06020200021029,F,Y,exact,day,56.57,timor-leste2024,
37,06020200021034,F,Y,exact,day,56.57,timor-leste2024,
38,06020200021049,M,Y,exact,day,20.3,timor-leste2024,
39,06020200031024,M,Y,exact,day,20.3,timor-leste2024,
40,06020200031023,F,Y,exact,day,68.73,timor-leste2024,
41,06020300021015,M,Y,exact,day,68.73,timor-leste2024,
42,06020300021023,F,Y,exact,day,68.73,timor-leste2024,
43,06020300021043,F,Y,exact,day,68.73,timor-leste2024,
44,06020300021044,F,Y,exact,day,68.73,timor-leste2024,
45,06020300041014,M,Y,exact,day,68.73,timor-leste2024,
46,06020300041025,F,Y,exact,day,68.73,timor-leste2024,
47,06020300041024,F,Y,exact,day,40.11,timor-leste2024,
48,06020300041033,F,Y,exact,day,40.11,timor-leste2024,
49,06020300041034,F,Y,exact,day,37.39,timor-leste2024,
50,06020300041043,M,Y,exact,day,37.39,timor-leste2024,
51,06020300041303,F,Y,exact,day,37.39,timor-leste2024,
52,06020300041304,F,Y,exact,day,37.39,timor-leste2024,
53,06020400071016,M,Y,exact,day,37.39,timor-leste2024,
54,06020400071023,M,Y,exact,day,37.39,timor-leste2024,
55,06020400071034,F,Y,exact,day,59.93,timor-leste2024,
56,06020400071044,M,Y,exact,day,59.93,timor-leste2024,
57,06020400081017,M,Y,exact,day,59.93,timor-leste2024,
58,06020400081016,M,Y,exact,day,59.93,timor-leste2024,
59,06020400081023,M,Y,exact,day,59.93,timor-leste2024,
60,06020400081034,F,Y,exact,day,59.93,timor-leste2024,
61,06020400081047,F,Y,exact,day,59.93,timor-leste2024,
62,06020500021017,M,Y,exact,day,59.93,timor-leste2024,
63,06020500021016,M,Y,exact,day,59.93,timor-leste2024,
64,06020500021024,M,Y,exact,day,59.93,timor-leste2024,
65,06020500021033,M,Y,exact,day,59.93,timor-leste2024,
66,06020500021044,F,Y,exact,day,59.93,timor-leste2024,
67,06020500041015,M,Y,exact,day,59.93,timor-leste2024,
68,06020500041014,F,Y,exact,day,59.93,timor-leste2024,
69,06020500041024,M,Y,exact,day,59.93,timor-leste2024,
70,06020500041023,F,Y,exact,day,59.93,timor-leste2024,
71,06020500041035,M,Y,exact,day,59.93,timor-leste2024,
72,06020500041044,M,Y,exact,day,59.93,timor-leste2024,
73,06020600011014,M,Y,exact,day,59.93,timor-leste2024,
74,06020600011024,M,Y,exact,day,59.93,timor-leste2024,
75,06020600011033,M,Y,exact,day,59.93,timor-leste2024,
76,06020600011044,F,Y,exact,day,59.93,timor-leste2024,
77,06020600021016,F,Y,exact,day,59.93,timor-leste2024,
78,06020600021015,M,Y,exact,day,59.93,timor-leste2024,
79,06020600021026,M,Y,exact,day,69.91,timor-leste2024,
80,06020600021027,M,Y,exact,day,69.91,timor-leste2024,
81,06020600021035,F,Y,exact,day,69.91,timor-leste2024,
82,06020600021043,M,Y,exact,day,36.93,timor-leste2024,
83,06020700011014,M,Y,exact,day,36.93,timor-leste2024,
84,06020700011024,M,Y,exact,day,36.93,timor-leste2024,
85,06020700011035,F,Y,exact,day,36.93,timor-leste2024,
86,06020700011034,M,Y,exact,day,36.93,timor-leste2024,
87,06020700011048,F,Y,exact,day,36.93,timor-leste2024,
88,06020700011047,M,Y,exact,day,36.93,timor-leste2024,
89,06030100091013,M,Y,exact,day,36.93,timor-leste2024,
90,06030100091024,F,Y,exact,day,36.93,timor-leste2024,
91,06030100091034,M,Y,exact,day,36.93,timor-leste2024,
92,06030100091043,F,Y,exact,day,50.46,timor-leste2024,
93,06030100231016,F,Y,exact,day,50.46,timor-leste2024,
94,06030100231024,M,Y,exact,day,30.85,timor-leste2024,
95,06030100231023,F,Y,exact,day,30.85,timor-leste2024,
96,06030100231034,F,Y,exact,day,39.13,timor-leste2024,
97,06030100231043,F,Y,exact,day,39.13,timor-leste2024,
98,06030200231016,M,Y,exact,day,39.13,timor-leste2024,
99,06030200231024,M,Y,exact,day,39.13,timor-leste2024,
100,06030200231034,M,Y,exact,day,39.13,timor-leste2024,
101,06030200231033,F,Y,exact,day,39.13,timor-leste2024,
102,06030200231047,M,Y,exact,day,39.13,timor-leste2024,
103,06030200311016,M,Y,exact,day,39.13,timor-leste2024,
104,06030200311024,M,Y,exact,day,39.13,timor-leste2024,
105,06030200311025,F,Y,exact,day,39.13,timor-leste2024,
106,06030200311035,F,Y,exact,day,39.13,timor-leste2024,
107,06030200311043,M,Y,exact,day,39.13,timor-leste2024,
108,06030300021015,M,Y,exact,day,39.13,timor-leste2024,
109,06030300021023,F,Y,exact,day,39.13,timor-leste2024,
110,06030300021036,M,Y,exact,day,39.13,timor-leste2024,
111,06030300021043,M,Y,exact,day,39.13,timor-leste2024,
112,06030300051014,F,Y,exact,day,39.13,timor-leste2024,
113,06030300051023,F,Y,exact,day,39.13,timor-leste2024,
114,06030300051034,M,Y,exact,day,39.13,timor-leste2024,
115,06030300051044,M,Y,exact,day,39.13,timor-leste2024,
116,06030400011015,M,Y,exact,day,64.0,timor-leste2024,
117,06030400011033,M,Y,exact,day,64.0,timor-leste2024,
118,06030400011043,F,Y,exact,day,51.78,timor-leste2024,
119,06030400031014,M,Y,exact,day,51.78,timor-leste2024,
120,06030400031045,F,Y,exact,day,51.78,timor-leste2024,
121,06050100011015,M,Y,exact,day,51.78,timor-leste2024,
122,06050100011023,F,Y,exact,day,51.78,timor-leste2024,
123,06050100011035,F,Y,exact,day,51.78,timor-leste2024,
124,06050100021013,M,Y,exact,day,51.78,timor-leste2024,
125,06050100021023,F,Y,exact,day,51.78,timor-leste2024,
126,06050100021048,M,Y,exact,day,51.78,timor-leste2024,
127,06050200041013,M,Y,exact,day,51.78,timor-leste2024,
128,06050200041014,F,Y,exact,day,51.78,timor-leste2024,
129,06050200041023,F,Y,exact,day,51.78,timor-leste2024,
130,06050200041033,M,Y,exact,day,51.78,timor-leste2024,
131,06050200041043,M,Y,exact,day,51.78,timor-leste2024,
132,06050200061024,M,Y,exact,day,51.78,timor-leste2024,
133,06050200061023,F,Y,exact,day,51.78,timor-leste2024,
134,06050200061034,M,Y,exact,day,51.78,timor-leste2024,
135,06050200061035,M,Y,exact,day,51.78,timor-leste2024,
136,06050200061043,M,Y,exact,day,51.78,timor-leste2024,
137,06050300011016,M,Y,exact,day,51.78,timor-leste2024,
138,06050300011015,F,Y,exact,day,51.78,timor-leste2024,
139,06050300011025,M,Y,exact,day,51.78,timor-leste2024,
140,06050300011045,M,Y,exact,day,31.24,timor-leste2024,
141,06050300011044,M,Y,exact,day,31.24,timor-leste2024,
142,06050400031013,F,Y,exact,day,31.24,timor-leste2024,
143,06050400031025,F,Y,exact,day,31.24,timor-leste2024,
144,06050400031044,M,Y,exact,day,31.24,timor-leste2024,
145,06050400031043,F,Y,exact,day,31.24,timor-leste2024,
146,06050500101013,M,Y,exact,day,31.24,timor-leste2024,
147,06050500101014,F,Y,exact,day,31.24,timor-leste2024,
148,06050500101026,F,Y,exact,day,31.24,timor-leste2024,
149,06050500101033,F,Y,exact,day,31.24,timor-leste2024,
150,06050500101049,F,Y,exact,day,31.24,timor-leste2024,
151,06050500101048,F,Y,exact,day,31.24,timor-leste2024,
152,06050500111016,F,Y,exact,day,31.24,timor-leste2024,
153,06050500111015,F,Y,exact,day,31.24,timor-leste2024,
154,06050500111023,M,Y,exact,day,31.24,timor-leste2024,
155,06050500111034,F,Y,exact,day,31.24,timor-leste2024,
156,06050500111045,M,Y,exact,day,31.24,timor-leste2024,
157,06050500111044,M,Y,exact,day,31.24,timor-leste2024,
158,06050600031013,M,Y,exact,day,31.24,timor-leste2024,
159,06050600031014,F,Y,exact,day,31.24,timor-leste2024,
160,06050600031025,M,Y,exact,day,50.23,timor-leste2024,
161,06050600031024,M,Y,exact,day,50.23,timor-leste2024,
162,06050600031035,M,Y,exact,day,50.23,timor-leste2024,
163,06050600031033,F,Y,exact,day,50.23,timor-leste2024,
164,06050600031045,F,Y,exact,day,50.23,timor-leste2024,
165,06050600051013,F,Y,exact,day,50.23,timor-leste2024,
166,06050600051014,M,Y,exact,day,42.78,timor-leste2024,
167,06050600051025,F,Y,exact,day,42.78,timor-leste2024,
168,06050600051023,F,Y,exact,day,38.37,timor-leste2024,
169,06050600051038,F,Y,exact,day,38.37,timor-leste2024,
170,06050600051044,M,Y,exact,day,38.37,timor-leste2024,
171,06060100041024,F,Y,exact,day,38.37,timor-leste2024,
172,06060100041025,M,Y,exact,day,38.37,timor-leste2024,
173,06060100041032,M,Y,exact,day,38.37,timor-leste2024,
174,06060100041045,F,Y,exact,day,16.53,timor-leste2024,
175,06060100041043,M,Y,exact,day,16.53,timor-leste2024,
176,06060100051017,M,Y,exact,day,16.53,timor-leste2024,
177,06060100051016,F,Y,exact,day,16.53,timor-leste2024,
178,06060100051027,M,Y,exact,day,16.53,timor-leste2024,
179,06060100051035,M,Y,exact,day,16.53,timor-leste2024,
180,06060100051045,F,Y,exact,day,16.53,timor-leste2024,
181,06060100051044,M,Y,exact,day,16.53,timor-leste2024,
182,06060200011015,F,Y,exact,day,16.53,timor-leste2024,
183,06060200011014,F,Y,exact,day,16.53,timor-leste2024,
184,06060200011023,M,Y,exact,day,16.53,timor-leste2024,
185,06060200011034,M,Y,exact,day,16.53,timor-leste2024,
186,06060200011033,M,Y,exact,day,16.53,timor-leste2024,
187,06060200011044,M,Y,exact,day,16.53,timor-leste2024,
188,06060400091015,F,Y,exact,day,16.53,timor-leste2024,
189,06060400091024,M,Y,exact,day,16.53,timor-leste2024,
190,06060400091023,M,Y,exact,day,16.53,timor-leste2024,
191,06060400091033,F,Y,exact,day,16.53,timor-leste2024,
192,06060400091045,F,Y,exact,day,16.53,timor-leste2024,
193,06060400111016,M,Y,exact,day,16.53,timor-leste2024,
194,06060400111023,F,Y,exact,day,16.53,timor-leste2024,
195,06060400111024,F,Y,exact,day,16.53,timor-leste2024,
196,06060400111034,F,Y,exact,day,16.53,timor-leste2024,
197,06060400111033,F,Y,exact,day,16.53,timor-leste2024,
198,06060400111043,M,Y,exact,day,19.19,timor-leste2024,
199,06060500041019,M,Y,exact,day,19.19,timor-leste2024,
200,06060500041025,M,Y,exact,day,46.13,timor-leste2024,
201,06060500041034,F,Y,exact,day,46.13,timor-leste2024,
202,06060500041045,M,Y,exact,day,46.13,timor-leste2024,
203,06060500041044,F,Y,exact,day,46.13,timor-leste2024,
204,06060500061014,F,Y,exact,day,46.13,timor-leste2024,
205,06060500061025,F,Y,exact,day,46.13,timor-leste2024,
206,06060500061023,F,Y,exact,day,46.13,timor-leste2024,
207,06060500061047,M,Y,exact,day,46.13,timor-leste2024,
208,06060600031015,M,Y,exact,day,46.13,timor-leste2024,
209,06060600031014,F,Y,exact,day,46.13,timor-leste2024,
210,06060600031034,M,Y,exact,day,41.99,timor-leste2024,
211,06060600031033,F,Y,exact,day,41.99,timor-leste2024,
212,06060600031043,F,Y,exact,day,41.99,timor-leste2024,
213,06060600051014,F,Y,exact,day,41.99,timor-leste2024,
214,06060600051013,M,Y,exact,day,41.99,timor-leste2024,
215,06060600051027,F,Y,exact,day,41.99,timor-leste2024,
216,06060600051036,F,Y,exact,day,41.99,timor-leste2024,
217,06060600051045,F,Y,exact,day,41.99,timor-leste2024,
218,06060700021015,M,Y,exact,day,41.99,timor-leste2024,
219,06060700021025,M,Y,exact,day,41.99,timor-leste2024,
220,06060700021024,M,Y,exact,day,41.99,timor-leste2024,
221,06060700021035,M,Y,exact,day,41.99,timor-leste2024,
222,06060700021046,F,Y,exact,day,31.51,timor-leste2024,
223,06060700041013,F,Y,exact,day,31.51,timor-leste2024,
224,06060700041025,M,Y,exact,day,20.4,timor-leste2024,
225,06060700041026,M,Y,exact,day,20.4,timor-leste2024,
226,06060700041035,M,Y,exact,day,47.18,timor-leste2024,
227,06060700041046,M,Y,exact,day,47.18,timor-leste2024,
228,06060700041045,F,Y,exact,day,47.18,timor-leste2024,
229,10010100001014,F,Y,exact,day,47.18,timor-leste2024,
230,10010100001025,F,Y,exact,day,47.18,timor-leste2024,
231,10010100001037,F,Y,exact,day,47.18,timor-leste2024,
232,10010100001045,F,Y,exact,day,25.17,timor-leste2024,
233,10010200001013,M,Y,exact,day,25.17,timor-leste2024,
234,10010200001023,F,Y,exact,day,25.17,timor-leste2024,
235,10010200001034,F,Y,exact,day,25.17,timor-leste2024,
236,10010200001044,F,Y,exact,day,25.17,timor-leste2024,
237,10010200001043,F,Y,exact,day,25.17,timor-leste2024,
238,10010300001014,M,Y,exact,day,25.17,timor-leste2024,
239,10010300001036,M,Y,exact,day,25.17,timor-leste2024,
240,10010300001044,M,Y,exact,day,25.17,timor-leste2024,
241,10010500001014,F,Y,exact,day,25.17,timor-leste2024,
242,10010500001024,M,Y,exact,day,25.17,timor-leste2024,
243,10010500001033,F,Y,exact,day,25.17,timor-leste2024,
244,10010500001044,M,Y,exact,day,25.17,timor-leste2024,
245,10060100001014,F,Y,exact,day,25.17,timor-leste2024,
246,10060100001013,M,Y,exact,day,25.17,timor-leste2024,
247,100601000010312,M,Y,exact,day,25.17,timor-leste2024,
248,10060100001037,M,Y,exact,day,25.17,timor-leste2024,
249,10060100001044,M,Y,exact,day,25.17,timor-leste2024,
250,10060100001043,M,Y,exact,day,25.17,timor-leste2024,
251,10060200001023,F,Y,exact,day,25.17,timor-leste2024,
252,10060200001035,F,Y,exact,day,25.17,timor-leste2024,
253,10060200001034,F,Y,exact,day,25.17,timor-leste2024,
254,10060200001047,M,Y,exact,day,25.17,timor-leste2024,
255,10060300001014,F,Y,exact,day,30.03,timor-leste2024,
256,10060300001025,M,Y,exact,day,30.03,timor-leste2024,
257,10060300001033,F,Y,exact,day,62.13,timor-leste2024,
258,10060300001047,M,Y,exact,day,62.13,timor-leste2024,
259,10060400001014,F,Y,exact,day,62.13,timor-leste2024,
260,10060400001025,M,Y,exact,day,62.13,timor-leste2024,
261,10060400001033,M,Y,exact,day,62.13,timor-leste2024,
262,10060400001047,M,Y,exact,day,62.13,timor-leste2024,
263,13010100001014,M,Y,exact,day,62.13,timor-leste2024,
264,13010100001034,F,Y,exact,day,62.13,timor-leste2024,
265,13010100001048,M,Y,exact,day,62.13,timor-leste2024,
266,13010400001014,F,Y,exact,day,62.13,timor-leste2024,
267,13010400001024,M,Y,exact,day,62.13,timor-leste2024,
268,13010400001034,M,Y,exact,day,62.13,timor-leste2024,
269,13010400001044,F,Y,exact,day,62.13,timor-leste2024,
270,13010400001043,F,Y,exact,day,62.13,timor-leste2024,
271,13020200001015,F,Y,exact,day,62.13,timor-leste2024,
272,13020200001036,M,Y,exact,day,62.13,timor-leste2024,
273,13020200001035,M,Y,exact,day,62.13,timor-leste2024,
274,13020200001046,M,Y,exact,day,62.13,timor-leste2024,
275,13020200001045,M,Y,exact,day,62.13,timor-leste2024,
276,13020300001027,M,Y,exact,day,62.13,timor-leste2024,
277,13020300001075,F,Y,exact,day,62.13,timor-leste2024,
278,13020300001104,F,Y,exact,day,62.13,timor-leste2024,
279,13020600001013,F,Y,exact,day,62.13,timor-leste2024,
280,13020600001048,M,Y,exact,day,71.82,timor-leste2024,
281,13020600001077,F,Y,exact,day,71.82,timor-leste2024,
282,13020600001076,F,Y,exact,day,71.82,timor-leste2024,
283,13020800001015,F,Y,exact,day,71.82,timor-leste2024,
284,13020800001014,F,Y,exact,day,71.82,timor-leste2024,
285,13020800001045,M,Y,exact,day,71.82,timor-leste2024,
286,13020800001075,M,Y,exact,day,71.82,timor-leste2024,
287,13020800001074,F,Y,exact,day,71.82,timor-leste2024,
288,13020800001106,F,Y,exact,day,71.82,timor-leste2024,
289,13030100001013,F,Y,exact,day,71.82,timor-leste2024,
290,13030100001035,F,Y,exact,day,18.69,timor-leste2024,
291,13030100001047,M,Y,exact,day,18.69,timor-leste2024,
292,13030200001015,F,Y,exact,day,28.81,timor-leste2024,
293,13030200001024,M,Y,exact,day,28.81,timor-leste2024,
294,13030200001033,F,Y,exact,day,40.77,timor-leste2024,
295,13030200001043,M,Y,exact,day,40.77,timor-leste2024,
296,13030600001018,F,Y,exact,day,66.66,timor-leste2024,
297,13030600001017,M,Y,exact,day,66.66,timor-leste2024,
298,13030600001027,M,Y,exact,day,69.49,timor-leste2024,
299,13030600001026,M,Y,exact,day,69.49,timor-leste2024,
300,13030600001037,M,Y,exact,day,31.41,timor-leste2024,
301,13030600001036,F,Y,exact,day,31.41,timor-leste2024,
302,13030600001047,F,Y,exact,day,48.3,timor-leste2024,
303,13040100001017,M,Y,exact,day,48.3,timor-leste2024,
304,13040100001019,F,Y,exact,day,67.42,timor-leste2024,
305,13040100001034,M,Y,exact,day,67.42,timor-leste2024,
306,13040100001073,M,Y,exact,day,57.1,timor-leste2024,
307,13040200001015,M,Y,exact,day,57.1,timor-leste2024,
308,13040200001014,F,Y,exact,day,30.23,timor-leste2024,
309,13040200001023,M,Y,exact,day,30.23,timor-leste2024,
310,13040200001033,F,Y,exact,day,32.82,timor-leste2024,
311,13040200001048,M,Y,exact,day,32.82,timor-leste2024,
312,13040200001047,F,Y,exact,day,36.07,timor-leste2024,
313,13040300001026,F,Y,exact,day,36.07,timor-leste2024,
314,13040300001036,M,Y,exact,day,13.5,timor-leste2024,
315,13040300001045,F,Y,exact,day,13.5,timor-leste2024,
316,13040300001044,M,Y,exact,day,62.42,timor-leste2024,
317,13040500001017,M,Y,exact,day,62.42,timor-leste2024,
318,13040500001015,M,Y,exact,day,32.53,timor-leste2024,
319,13040500001025,M,Y,exact,day,32.53,timor-leste2024,
320,13040500001035,M,Y,exact,day,40.02,timor-leste2024,
321,13040500001034,M,Y,exact,day,40.02,timor-leste2024,
322,13040500001046,M,Y,exact,day,40.02,timor-leste2024,
323,13050500001017,F,Y,exact,day,40.02,timor-leste2024,
324,13050500001016,F,Y,exact,day,40.02,timor-leste2024,
325,13050500001025,M,Y,exact,day,40.02,timor-leste2024,
326,13050500001024,M,Y,exact,day,40.02,timor-leste2024,
327,13050500001037,M,Y,exact,day,40.02,timor-leste2024,
328,13050500001036,F,Y,exact,day,40.02,timor-leste2024,
329,13050500001043,M,Y,exact,day,40.02,timor-leste2024,
330,13050500001044,F,Y,exact,day,40.02,timor-leste2024,
331,13050800001024,F,Y,exact,day,40.02,timor-leste2024,
332,13050800001068,F,Y,exact,day,40.02,timor-leste2024,
333,13050800001084,M,Y,exact,day,40.02,timor-leste2024,
334,13050800001104,F,Y,exact,day,40.02,timor-leste2024,
335,13050900001016,M,Y,exact,day,40.02,timor-leste2024,
336,13050900001074,M,Y,exact,day,40.02,timor-leste2024,
337,13050900001104,M,Y,exact,day,40.02,timor-leste2024,
338,13050900001103,F,Y,exact,day,40.02,timor-leste2024,
339,10060100001023,M,Y,exact,day,40.02,timor-leste2024,
340,06030400011023,M,Y,exact,day,30.72,timor-leste2024,
341,06030400031023,M,Y,exact,day,30.72,timor-leste2024,
342,06050100011047,M,Y,exact,day,24.31,timor-leste2024,
343,06060100041013,F,Y,exact,day,24.31,timor-leste2024,
344,06060100041014,M,Y,,,27.96,timor-leste2024,
2,ella,F,Y,reported,month,12.02,forrester,
2,13-02-02-0000-1-04,M,Y,exact,day,25.59,timor-leste2022,
3,13-02-02-0000-1-02,F,Y,exact,day,25.59,timor-leste2022,
4,13-02-02-0000-1-03,M,Y,exact,day,25.59,timor-leste2022,
5,13-02-03-0000-1-07,F,Y,exact,day,25.59,timor-leste2022,
6,13-02-03-0000-1-08,M,Y,exact,day,25.59,timor-leste2022,
7,13-02-03-0000-1-02,M,Y,exact,day,25.59,timor-leste2022,
8,13-02-06-0000-1-04,M,Y,exact,day,25.59,timor-leste2022,
9,13-02-06-0000-1-02,M,Y,exact,day,25.59,timor-leste2022,
10,13-02-06-0000-1-01,F,Y,exact,day,25.59,timor-leste2022,
11,13-02-06-0000-1-07,F,Y,exact,day,25.59,timor-leste2022,
12,13-02-02-0000-1-01,F,Y,exact,day,18.4,timor-leste2022,
13,13-02-03-0000-1-10,F,Y,exact,day,18.4,timor-leste2022,
14,13-05-09-0000-1-06,M,Y,exact,day,49.31,timor-leste2022,
15,13-05-09-0000-1-07,M,Y,exact,day,49.31,timor-leste2022,
16,13-02-08-0000-1-07,F,Y,exact,day,28.65,timor-leste2022,
17,13-02-08-0000-1-04,M,Y,exact,day,28.65,timor-leste2022,
18,13-02-08-0000-1-10,F,Y,exact,day,44.39,timor-leste2022,
19,13-02-08-0000-1-01,F,Y,exact,day,44.39,timor-leste2022,
20,13-05-09-0000-1-01,M,Y,exact,day,44.62,timor-leste2022,
21,13-05-09-0000-1-10,F,Y,exact,day,44.62,timor-leste2022,
22,13-05-08-0000-1-06,F,Y,exact,day,36.24,timor-leste2022,
23,13-05-08-0000-1-02,F,Y,exact,day,36.24,timor-leste2022,
24,13-05-08-0000-1-08,M,Y,exact,day,36.24,timor-leste2022,
25,13-05-08-0000-1-10,F,Y,exact,day,36.24,timor-leste2022,
26,13-04-01-0000-1-03,M,Y,exact,day,36.24,timor-leste2022,
27,13-04-01-0000-1-07,M,Y,exact,day,36.24,timor-leste2022,
28,13-04-01-0000-1-04,M,Y,exact,day,36.24,timor-leste2022,
29,13-04-01-0000-1-01,F,Y,exact,day,36.24,timor-leste2022,
30,13-04-02-0000-1-02,M,Y,exact,day,36.24,timor-leste2022,
31,13-04-02-0000-1-01,F,Y,exact,day,36.24,timor-leste2022,
32,13-04-05-0000-1-01,M,Y,exact,day,36.24,timor-leste2022,
33,13-04-05-0000-1-02,M,Y,exact,day,55.23,timor-leste2022,
34,13-04-05-0000-1-03,M,Y,exact,day,55.23,timor-leste2022,
35,13-04-02-0000-1-04,F,Y,exact,day,12.98,timor-leste2022,
36,13-04-02-0000-1-03,F,Y,exact,day,12.98,timor-leste2022,
37,13-04-05-0000-1-04,M,Y,exact,day,55.79,timor-leste2022,
38,13-04-03-0000-1-04,M,Y,exact,day,55.79,timor-leste2022,
39,13-04-03-0000-1-02,F,Y,exact,day,40.18,timor-leste2022,
40,13-04-03-0000-1-01,M,Y,exact,day,40.18,timor-leste2022,
41,13-04-03-0000-1-03,M,Y,exact,day,47.41,timor-leste2022,
42,13-03-06-0000-1-03,F,Y,exact,day,47.41,timor-leste2022,
43,13-03-06-0000-1-02,M,Y,exact,day,14.32,timor-leste2022,
44,13-03-06-0000-1-04,F,Y,exact,day,14.32,timor-leste2022,
45,13-03-06-0000-1-01,M,Y,exact,day,25.49,timor-leste2022,
46,13-03-02-0000-1-02,M,Y,exact,day,25.49,timor-leste2022,
47,13-03-02-0000-1-04,M,Y,exact,day,24.67,timor-leste2022,
48,13-03-02-0000-1-03,F,Y,exact,day,24.67,timor-leste2022,
49,13-03-02-0000-1-01,F,Y,exact,day,30.26,timor-leste2022,
50,13-03-01-0000-1-01,F,Y,exact,day,30.26,timor-leste2022,
51,13-03-01-0000-1-04,M,Y,exact,day,46.26,timor-leste2022,
52,13-03-01-0000-1-02,M,Y,exact,day,46.26,timor-leste2022,
53,13-03-01-0000-1-03,F,Y,exact,day,28.32,timor-leste2022,
54,13-05-05-0000-1-02,M,Y,exact,day,28.32,timor-leste2022,
55,13-05-05-0000-1-04,M,Y,exact,day,50.76,timor-leste2022,
56,13-05-05-0000-1-03,F,Y,exact,day,50.76,timor-leste2022,
57,13-05-05-0000-1-01,F,Y,exact,day,15.64,timor-leste2022,
58,13-01-04-0000-1-04,F,Y,exact,day,15.64,timor-leste2022,
59,13-01-04-0000-1-03,M,Y,exact,day,30.78,timor-leste2022,
60,13-01-04-0000-1-01,F,Y,exact,day,30.78,timor-leste2022,
61,13-01-04-0000-1-02,M,Y,exact,day,57.33,timor-leste2022,
62,13-01-01-0000-1-02,F,Y,exact,day,57.33,timor-leste2022,
63,13-01-01-0000-1-04,M,Y,exact,day,46.98,timor-leste2022,
64,13-01-01-0000-1-03,F,Y,exact,day,46.98,timor-leste2022,
65,13-01-01-0000-1-01,M,Y,exact,day,20.3,timor-leste2022,
66,10-06-02-0000-1-03,F,Y,exact,day,20.3,timor-leste2022,
67,10-06-03-0000-1-01,F,Y,exact,day,28.98,timor-leste2022,
68,10-06-03-0000-1-02,M,Y,exact,day,28.98,timor-leste2022,
69,10-06-03-0000-1-03,F,Y,exact,day,46.49,timor-leste2022,
70,10-06-03-0000-1-04,M,Y,exact,day,46.49,timor-leste2022,
71,10-06-02-0000-1-02,F,Y,exact,day,14.36,timor-leste2022,
72,10-06-02-0000-1-01,M,Y,exact,day,14.36,timor-leste2022,
73,10-06-02-0000-1-04,M,Y,exact,day,22.7,timor-leste2022,
74,10-01-02-0000-1-03,F,Y,exact,day,22.7,timor-leste2022,
75,10-01-02-0000-1-04,F,Y,exact,day,28.39,timor-leste2022,
76,10-01-02-0000-1-01,M,Y,exact,day,28.39,timor-leste2022,
77,10-01-02-0000-1-02,F,Y,exact,day,30.29,timor-leste2022,
78,10-06-04-0000-1-02,M,Y,exact,day,30.29,timor-leste2022,
79,10-06-01-0000-1-02,M,Y,exact,day,46.62,timor-leste2022,
80,10-06-04-0000-1-01,F,Y,exact,day,46.62,timor-leste2022,
81,10-06-01-0000-1-04,M,Y,exact,day,45.11,timor-leste2022,
82,10-06-01-0000-1-01,M,Y,exact,day,45.11,timor-leste2022,
83,10-06-04-0000-1-03,M,Y,exact,day,22.87,timor-leste2022,
84,10-06-04-0000-1-04,M,Y,exact,day,22.87,timor-leste2022,
85,10-01-05-0000-1-01,F,Y,exact,day,51.68,timor-leste2022,
86,10-06-01-0000-1-03,M,Y,exact,day,51.68,timor-leste2022,
87,10-01-05-0000-1-02,M,Y,exact,day,1.15,timor-leste2022,
88,10-01-05-0000-1-03,F,Y,exact,day,1.15,timor-leste2022,
89,10-01-05-0000-1-04,M,Y,exact,day,1.15,timor-leste2022,
90,10-01-03-0000-1-02,F,Y,exact,day,1.15,timor-leste2022,
91,10-01-03-0000-1-03,M,Y,exact,day,1.15,timor-leste2022,
92,10-01-03-0000-1-04,M,Y,exact,day,1.15,timor-leste2022,
93,10-01-03-0000-1-01,M,Y,exact,day,1.15,timor-leste2022,
94,10-01-01-0000-1-01,F,Y,exact,day,1.15,timor-leste2022,
95,10-01-01-0000-1-03,F,Y,exact,day,1.15,timor-leste2022,
96,10-01-01-0000-1-02,F,Y,exact,day,1.15,timor-leste2022,
97,10-01-01-0000-1-04,F,Y,exact,day,1.15,timor-leste2022,
98,04-03-01-0000-1-06,F,Y,exact,day,1.15,timor-leste2022,
99,04-03-01-0000-1-05,F,Y,exact,day,1.15,timor-leste2022,
100,04-03-01-0000-1-01,M,Y,exact,day,14.98,timor-leste2022,
101,04-03-01-0000-1-09,F,Y,exact,day,14.98,timor-leste2022,
102,04-05-07-0000-1-18,M,Y,exact,day,40.8,timor-leste2022,
103,04-05-01-0000-1-02,F,Y,exact,day,40.8,timor-leste2022,
104,04-05-01-0000-1-01,M,Y,exact,day,12.19,timor-leste2022,
105,04-05-01-0000-1-03,F,Y,exact,day,12.19,timor-leste2022,
106,04-05-07-0000-1-16,F,Y,exact,day,26.35,timor-leste2022,
107,04-05-07-0000-1-19,M,Y,exact,day,26.35,timor-leste2022,
108,04-05-01-0000-1-04,F,Y,exact,day,20.76,timor-leste2022,
109,04-05-07-0000-1-17,M,Y,exact,day,46.92,timor-leste2022,
110,04-03-09-0000-1-10,F,Y,exact,day,46.92,timor-leste2022,
111,04-03-09-0000-1-07,M,Y,exact,day,34.76,timor-leste2022,
112,04-03-09-0000-1-01,M,Y,exact,day,34.76,timor-leste2022,
113,04-05-05-0000-1-02,F,Y,exact,day,36.27,timor-leste2022,
114,04-05-04-0000-1-04,M,Y,exact,day,36.27,timor-leste2022,
115,04-05-05-0000-1-03,F,Y,exact,day,53.88,timor-leste2022,
116,04-05-05-0000-1-01,M,Y,exact,day,53.88,timor-leste2022,
117,04-05-04-0000-1-03,F,Y,exact,day,21.88,timor-leste2022,
118,04-05-05-0000-1-04,F,Y,exact,day,21.88,timor-leste2022,
119,04-05-04-0000-1-02,F,Y,exact,day,40.02,timor-leste2022,
120,04-05-04-0000-1-01,M,Y,exact,day,40.02,timor-leste2022,
121,04-03-14-0000-1-07,F,Y,exact,day,45.04,timor-leste2022,
122,04-03-14-0000-1-01,M,Y,exact,day,45.04,timor-leste2022,
123,04-03-14-0000-1-04,F,Y,exact,day,18.83,timor-leste2022,
124,04-03-14-0000-1-09,M,Y,exact,day,18.83,timor-leste2022,
125,04-03-17-0000-1-02,F,Y,exact,day,42.15,timor-leste2022,
126,04-03-17-0000-1-04,M,Y,exact,day,42.15,timor-leste2022,
127,04-03-17-0000-1-01,F,Y,exact,day,30.03,timor-leste2022,
128,04-03-17-0000-1-03,M,Y,exact,day,30.03,timor-leste2022,
129,04-03-09-0000-1-03,F,Y,exact,day,17.35,timor-leste2022,
130,06-02-02-0003-1-01,M,Y,exact,day,17.35,timor-leste2022,
131,06-02-02-0002-1-02,F,Y,exact,day,24.15,timor-leste2022,
132,06-02-02-0002-1-04,M,Y,exact,day,24.15,timor-leste2022,
133,06-02-02-0003-1-02,F,Y,exact,day,46.72,timor-leste2022,
134,06-02-02-0002-1-03,F,Y,exact,day,46.72,timor-leste2022,
135,06-02-02-0002-1-01,F,Y,exact,day,43.89,timor-leste2022,
136,06-02-02-0003-1-04,F,Y,exact,day,32.07,timor-leste2022,
137,06-02-02-0003-1-03,M,Y,exact,day,32.07,timor-leste2022,
138,06-02-04-0007-1-02,M,Y,exact,day,24.97,timor-leste2022,
139,06-02-04-0007-1-01,M,Y,exact,day,24.97,timor-leste2022,
140,06-02-04-0007-1-03,F,Y,exact,day,37.52,timor-leste2022,
141,06-02-04-0008-1-04,F,Y,exact,day,37.52,timor-leste2022,
142,06-02-04-0008-1-03,F,Y,exact,day,24.28,timor-leste2022,
143,06-02-04-0008-1-02,M,Y,exact,day,24.28,timor-leste2022,
144,06-02-04-0007-1-04,M,Y,exact,day,57.46,timor-leste2022,
145,06-02-04-0008-1-01,M,Y,exact,day,57.46,timor-leste2022,
146,06-02-04-0004-1-02,F,Y,exact,day,22.57,timor-leste2022,
147,06-02-04-0004-1-01,M,Y,exact,day,22.57,timor-leste2022,
148,06-02-03-0002-1-02,F,Y,exact,day,24.41,timor-leste2022,
149,06-02-03-0002-1-01,M,Y,exact,day,24.41,timor-leste2022,
150,06-02-03-0002-1-04,F,Y,exact,day,24.21,timor-leste2022,
151,06-02-03-0004-1-04,M,Y,exact,day,24.21,timor-leste2022,
152,06-02-03-0002-1-03,F,Y,exact,day,24.25,timor-leste2022,
153,06-02-03-0004-1-03,F,Y,exact,day,24.25,timor-leste2022,
154,06-02-06-0001-1-03,M,Y,exact,day,30.46,timor-leste2022,
155,06-02-06-0001-1-04,F,Y,exact,day,30.46,timor-leste2022,
156,06-02-06-0002-1-02,M,Y,exact,day,27.63,timor-leste2022,
157,06-02-06-0001-1-01,M,Y,exact,day,27.63,timor-leste2022,
158,06-02-06-0001-1-02,M,Y,exact,day,41.89,timor-leste2022,
159,06-02-06-0002-1-03,F,Y,exact,day,41.89,timor-leste2022,
160,06-02-06-0002-1-04,M,Y,exact,day,39.66,timor-leste2022,
161,06-02-06-0002-1-01,M,Y,exact,day,39.66,timor-leste2022,
162,06-02-05-0002-1-03,M,Y,exact,day,38.24,timor-leste2022,
163,06-02-05-0004-1-03,M,Y,exact,day,15.54,timor-leste2022,
164,06-02-05-0004-1-02,F,Y,exact,day,38.9,timor-leste2022,
165,06-02-05-0002-1-02,M,Y,exact,day,34.96,timor-leste2022,
166,06-02-05-0002-1-01,M,Y,exact,day,34.96,timor-leste2022,
167,06-02-05-0004-1-04,M,Y,exact,day,36.96,timor-leste2022,
168,06-02-05-0004-1-01,F,Y,exact,day,16.16,timor-leste2022,
169,06-02-05-0002-1-04,F,Y,exact,day,16.16,timor-leste2022,
170,06-02-07-0001-1-04,M,Y,exact,day,57.53,timor-leste2022,
171,06-02-07-0001-1-01,M,Y,exact,day,45.44,timor-leste2022,
172,06-06-02-0001-1-04,M,Y,exact,day,27.04,timor-leste2022,
173,06-06-02-0001-1-02,M,Y,exact,day,52.83,timor-leste2022,
174,06-06-02-0001-1-01,F,Y,exact,day,24.11,timor-leste2022,
175,06-02-07-0001-1-02,M,Y,exact,day,24.11,timor-leste2022,
176,06-06-02-0001-1-03,M,Y,exact,day,23.75,timor-leste2022,
177,06-02-07-0001-1-03,M,Y,exact,day,30.39,timor-leste2022,
178,06-03-02-0031-1-03,F,Y,exact,day,44.09,timor-leste2022,
179,06-03-02-0031-1-04,M,Y,exact,day,47.38,timor-leste2022,
180,06-03-02-0023-1-01,M,Y,exact,day,47.38,timor-leste2022,
181,06-03-02-0023-1-03,F,Y,exact,day,35.81,timor-leste2022,
182,06-03-02-0023-1-02,M,Y,exact,day,35.81,timor-leste2022,
183,06-03-02-0031-1-02,F,Y,exact,day,43.14,timor-leste2022,
184,06-03-02-0023-1-04,M,Y,exact,day,43.14,timor-leste2022,
185,06-03-03-0005-1-01,F,Y,exact,day,53.62,timor-leste2022,
186,06-03-03-0005-1-02,F,Y,exact,day,53.62,timor-leste2022,
187,06-03-03-0002-1-01,M,Y,exact,day,24.38,timor-leste2022,
188,06-03-03-0005-1-04,M,Y,exact,day,28.85,timor-leste2022,
189,06-03-02-0031-1-01,M,Y,exact,day,28.85,timor-leste2022,
190,06-03-03-0002-1-03,M,Y,exact,day,46.59,timor-leste2022,
191,06-03-03-0002-1-04,M,Y,exact,day,46.59,timor-leste2022,
192,06-03-03-0002-1-02,F,Y,exact,day,29.17,timor-leste2022,
193,06-03-04-0001-1-03,M,Y,exact,day,41.63,timor-leste2022,
194,06-03-04-0001-1-04,F,Y,exact,day,41.63,timor-leste2022,
195,06-03-04-0003-1-03,M,Y,exact,day,19.94,timor-leste2022,
196,06-03-03-0005-1-03,M,Y,exact,day,19.94,timor-leste2022,
197,06-03-04-0003-1-04,F,Y,exact,day,33.31,timor-leste2022,
198,06-03-04-0003-1-01,M,Y,exact,day,33.31,timor-leste2022,
199,06-03-04-0001-1-02,M,Y,exact,day,33.31,timor-leste2022,
200,06-03-04-0001-1-01,M,Y,exact,day,44.19,timor-leste2022,
201,06-03-04-0003-1-02,M,Y,exact,day,47.38,timor-leste2022,
202,06-03-01-0009-1-04,F,Y,exact,day,47.38,timor-leste2022,
203,06-03-01-0009-1-03,M,Y,exact,day,19.88,timor-leste2022,
204,06-03-01-0009-1-02,F,Y,exact,day,19.88,timor-leste2022,
205,06-03-01-0023-1-01,F,Y,exact,day,32.49,timor-leste2022,
206,06-03-01-0023-1-04,F,Y,exact,day,32.49,timor-leste2022,
207,06-03-01-0023-1-02,F,Y,exact,day,25.4,timor-leste2022,
208,06-03-01-0009-1-01,M,Y,exact,day,25.4,timor-leste2022,
209,06-03-01-0023-1-03,F,Y,exact,day,29.5,timor-leste2022,
210,06-06-06-0005-1-04,F,Y,exact,day,29.5,timor-leste2022,
211,06-06-06-0005-1-02,F,Y,exact,day,11.76,timor-leste2022,
212,06-06-06-0005-1-01,M,Y,exact,day,50.63,timor-leste2022,
213,06-06-06-0005-1-03,F,Y,exact,day,50.63,timor-leste2022,
214,06-06-06-0003-1-03,F,Y,exact,day,42.48,timor-leste2022,
215,06-06-06-0003-1-02,M,Y,exact,day,42.48,timor-leste2022,
216,06-06-06-0003-1-01,F,Y,exact,day,31.44,timor-leste2022,
217,06-06-06-0003-1-04,F,Y,exact,day,31.44,timor-leste2022,
218,06-06-07-0004-1-01,F,Y,exact,day,45.96,timor-leste2022,
219,06-06-07-0004-1-02,M,Y,exact,day,45.96,timor-leste2022,
220,06-06-07-0002-1-04,F,Y,exact,day,29.04,timor-leste2022,
221,06-06-07-0002-1-03,M,Y,exact,day,29.04,timor-leste2022,
222,06-06-07-0004-1-04,F,Y,exact,day,49.81,timor-leste2022,
223,06-06-07-0004-1-03,M,Y,exact,day,49.81,timor-leste2022,
224,06-06-07-0002-1-02,M,Y,exact,day,51.48,timor-leste2022,
225,06-06-07-0002-1-01,M,Y,exact,day,51.48,timor-leste2022,
226,06-06-05-0004-1-03,F,Y,exact,day,39.26,timor-leste2022,
227,06-06-05-0004-1-02,M,Y,exact,day,39.26,timor-leste2022,
228,06-06-05-0006-1-03,M,Y,exact,day,28.39,timor-leste2022,
229,06-06-05-0004-1-04,F,Y,exact,day,28.39,timor-leste2022,
230,06-06-05-0006-1-01,F,Y,exact,day,30.32,timor-leste2022,
231,06-06-05-0004-1-01,M,Y,exact,day,30.32,timor-leste2022,
232,06-06-05-0006-1-04,M,Y,exact,day,34.5,timor-leste2022,
233,06-06-05-0006-1-02,F,Y,exact,day,34.5,timor-leste2022,
234,06-06-01-0004-1-01,F,Y,exact,day,17.25,timor-leste2022,
235,06-06-01-0004-1-02,M,Y,exact,day,17.25,timor-leste2022,
236,06-06-01-0005-1-03,M,Y,exact,day,47.01,timor-leste2022,
237,06-06-01-0004-1-03,M,Y,exact,day,47.01,timor-leste2022,
238,06-06-01-0005-1-04,M,Y,exact,day,19.61,timor-leste2022,
239,06-06-01-0005-1-01,F,Y,exact,day,19.61,timor-leste2022,
240,06-06-01-0004-1-04,M,Y,exact,day,28.78,timor-leste2022,
241,06-06-04-0009-1-03,F,Y,exact,day,28.78,timor-leste2022,
242,06-06-04-0009-1-04,F,Y,exact,day,55.69,timor-leste2022,
243,06-06-01-0005-1-02,M,Y,exact,day,19.98,timor-leste2022,
244,06-06-04-0009-1-02,M,Y,exact,day,27.47,timor-leste2022,
245,06-06-04-0011-1-02,F,Y,exact,day,37.26,timor-leste2022,
246,06-06-04-0011-1-03,F,Y,exact,day,37.26,timor-leste2022,
247,06-06-04-0011-1-04,M,Y,exact,day,35.38,timor-leste2022,
248,06-06-04-0009-1-01,F,Y,exact,day,35.38,timor-leste2022,
249,06-05-02-0006-1-03,M,Y,exact,day,48.66,timor-leste2022,
250,06-05-02-0006-1-04,M,Y,exact,day,48.66,timor-leste2022,
251,06-05-02-0006-1-01,F,Y,exact,day,28.45,timor-leste2022,
252,06-06-04-0011-1-01,M,Y,exact,day,28.45,timor-leste2022,
253,06-05-02-0004-1-01,F,Y,exact,day,30.13,timor-leste2022,
254,06-05-02-0004-1-04,M,Y,exact,day,30.13,timor-leste2022,
255,06-05-02-0006-1-02,F,Y,exact,day,20.47,timor-leste2022,
256,06-05-02-0004-1-03,M,Y,exact,day,20.47,timor-leste2022,
257,06-05-06-0003-1-01,F,Y,exact,day,35.19,timor-leste2022,
258,06-05-06-0003-1-02,M,Y,exact,day,29.6,timor-leste2022,
259,06-05-06-0003-1-04,F,Y,exact,day,51.91,timor-leste2022,
260,06-05-06-0005-1-04,M,Y,exact,day,27.79,timor-leste2022,
261,06-05-06-0005-1-03,F,Y,exact,day,27.79,timor-leste2022,
262,06-05-06-0003-1-03,F,Y,exact,day,30.03,timor-leste2022,
263,06-05-06-0005-1-01,M,Y,exact,day,26.64,timor-leste2022,
264,06-05-06-0005-1-02,F,Y,exact,day,15.8,timor-leste2022,
265,06-05-05-0011-1-02,M,Y,exact,day,16.23,timor-leste2022,
266,06-05-05-0010-1-02,F,Y,exact,day,16.23,timor-leste2022,
267,06-05-05-0011-1-01,F,Y,exact,day,43.2,timor-leste2022,
268,06-05-05-0010-1-04,F,Y,exact,day,43.2,timor-leste2022,
269,06-05-05-0010-1-03,F,Y,exact,day,28.71,timor-leste2022,
270,06-05-05-0011-1-03,F,Y,exact,day,45.31,timor-leste2022,
271,06-05-05-0011-1-04,M,Y,exact,day,45.31,timor-leste2022,
272,06-05-05-0010-1-01,F,Y,exact,day,57.86,timor-leste2022,
273,06-05-01-0001-1-03,F,Y,exact,day,57.86,timor-leste2022,
274,06-05-01-0001-1-04,M,Y,exact,day,16.95,timor-leste2022,
275,06-05-01-0002-1-03,F,Y,exact,day,16.95,timor-leste2022,
276,06-05-01-0001-1-01,M,Y,exact,day,21.26,timor-leste2022,
277,06-05-01-0002-1-04,M,Y,exact,day,21.26,timor-leste2022,
278,06-05-01-0001-1-02,F,Y,exact,day,20.4,timor-leste2022,
279,06-05-01-0002-1-02,F,Y,exact,day,29.17,timor-leste2022,
280,06-05-04-0003-1-01,F,Y,exact,day,29.17,timor-leste2022,
281,06-05-04-0003-1-02,F,Y,exact,day,21.68,timor-leste2022,
282,06-05-01-0002-1-01,M,Y,exact,day,21.68,timor-leste2022,
283,06-05-03-0001-1-04,M,Y,exact,day,25.13,timor-leste2022,
284,06-05-03-0001-1-02,M,Y,exact,day,25.13,timor-leste2022,
285,06-05-04-0003-1-03,M,Y,exact,day,49.91,timor-leste2022,
286,06-05-03-0001-1-01,F,Y,exact,day,49.91,timor-leste2022,
287,06-05-04-0003-1-04,F,Y,exact,day,45.7,timor-leste2022,
288,06-05-03-0001-1-03,F,Y,exact,day,45.7,timor-leste2022,
289,06-05-02-0004-1-02,F,Y,exact,day,25.66,timor-leste2022,
2,Joseph,M,Y,extrapolated,month,4.93,soderstrom,
3,Theo,M,Y,extrapolated,month,5.36,soderstrom,
2,oekd,M,,,,8.87,namibia,
3,oegd,M,,,,8.9,namibia,
4,uebn,F,,,,8.94,namibia,
5,eiun,F,,,,8.97,namibia,
6,aoaa,F,,,,12.88,namibia,
7,eoak,M,,,,12.91,namibia,
8,noxk,F,,,,12.94,namibia,
9,aiku,M,,,,12.98,namibia,
10,noxt,F,,,,13.01,namibia,
11,uoga,M,,,,13.04,namibia,
12,outg,M,,,,16.79,namibia,
13,eoxk,F,,,,16.82,namibia,
2,1,F,Y,extrapolated,month,6.05,bergelson,
3,2,M,Y,extrapolated,month,7.06,bergelson,
4,3,M,Y,extrapolated,month,7.98,bergelson,
5,4,M,Y,extrapolated,month,9.0,bergelson,
6,6,F,Y,extrapolated,month,9.99,bergelson,
7,7,M,Y,extrapolated,month,11.01,bergelson,
8,8,F,Y,extrapolated,month,11.99,bergelson,
9,9,M,Y,extrapolated,month,13.01,bergelson,
10,10,F,Y,extrapolated,month,14.03,bergelson,
11,11,M,Y,extrapolated,month,15.01,bergelson,
12,12,M,Y,extrapolated,month,16.03,bergelson,
13,13,M,Y,extrapolated,month,17.02,bergelson,
14,14,F,Y,extrapolated,month,6.05,bergelson,
15,15,M,Y,extrapolated,month,7.06,bergelson,
16,16,M,Y,extrapolated,month,7.98,bergelson,
17,17,F,Y,extrapolated,month,9.0,bergelson,
18,18,M,Y,extrapolated,month,9.99,bergelson,
19,19,F,Y,extrapolated,month,11.01,bergelson,
20,20,F,Y,extrapolated,month,11.99,bergelson,
21,21,M,Y,extrapolated,month,13.01,bergelson,
22,22,F,Y,extrapolated,month,14.03,bergelson,
23,23,M,Y,extrapolated,month,15.01,bergelson,
24,25,M,Y,extrapolated,month,16.03,bergelson,
25,26,M,Y,extrapolated,month,17.02,bergelson,
26,27,M,Y,extrapolated,month,6.05,bergelson,
27,28,F,Y,extrapolated,month,6.05,bergelson,
28,29,F,Y,extrapolated,month,7.06,bergelson,
29,30,M,Y,extrapolated,month,7.98,bergelson,
30,31,F,Y,extrapolated,month,9.0,bergelson,
31,32,F,Y,extrapolated,month,9.99,bergelson,
32,33,M,Y,extrapolated,month,11.01,bergelson,
33,34,M,Y,extrapolated,month,11.99,bergelson,
34,35,F,Y,extrapolated,month,13.01,bergelson,
35,36,F,Y,extrapolated,month,14.03,bergelson,
36,37,M,Y,extrapolated,month,15.01,bergelson,
37,38,F,Y,extrapolated,month,16.03,bergelson,
38,39,F,Y,extrapolated,month,17.02,bergelson,
39,40,M,Y,extrapolated,month,6.05,bergelson,
40,41,M,Y,extrapolated,month,6.05,bergelson,
41,42,F,Y,extrapolated,month,7.06,bergelson,
42,43,F,Y,extrapolated,month,7.98,bergelson,
43,44,F,Y,extrapolated,month,9.0,bergelson,
44,45,M,Y,extrapolated,month,9.99,bergelson,
45,46,M,Y,extrapolated,month,11.01,bergelson,
2,0204,M,Y,extrapolated,month,3.48,warlaumont,
3,0274,F,Y,extrapolated,month,3.48,warlaumont,
4,0300,F,Y,extrapolated,month,3.48,warlaumont,
5,0340,F,Y,extrapolated,month,6.37,warlaumont,
6,0530,F,Y,extrapolated,month,6.37,warlaumont,
7,0583,F,Y,extrapolated,month,2.69,warlaumont,
8,0623,M,Y,extrapolated,month,6.14,warlaumont,
9,0651,M,Y,extrapolated,month,9.36,warlaumont,
10,0747,M,Y,extrapolated,month,9.36,warlaumont,
11,0804,M,Y,extrapolated,month,3.35,warlaumont,
12,0833,F,Y,extrapolated,month,6.24,warlaumont,
13,0848,M,Y,extrapolated,month,3.06,warlaumont,
14,0857,M,Y,extrapolated,month,3.06,warlaumont,
15,0955,M,Y,extrapolated,month,6.01,warlaumont,
16,0973,M,Y,extrapolated,month,9.26,warlaumont,
2,P-F01-C01,F,Y,exact,day,0.39,png2016,
3,P-F01-C02,F,Y,exact,day,25.95,png2016,
4,P-F01-C03,F,Y,exact,day,47.87,png2016,
5,P-F02-C01,M,Y,exact,day,8.8,png2016,
6,P-F03-C01,F,Y,exact,day,5.49,png2016,
7,P-F03-C02,M,Y,exact,day,20.76,png2016,
8,P-F04-C01,F,Y,exact,day,20.07,png2016,
9,P-F04-C02,M,Y,exact,day,57.56,png2016,
10,P-F05-C01,M,Y,exact,day,52.34,png2016,
11,P-F06-C01,F,Y,exact,day,10.91,png2016,
12,P-F07-C01,F,Y,exact,day,36.37,png2016,
13,P-F08-C01,M,Y,exact,day,11.96,png2016,
14,P-F09-C01,F,Y,exact,day,12.98,png2016,
15,P-F10-C01,F,Y,exact,day,4.11,png2016,
16,P-F11-C01,M,Y,exact,day,4.27,png2016,
17,P-F12-C01,M,Y,exact,day,3.65,png2016,
18,P-F13-C01,M,Y,exact,day,9.86,png2016,
19,P-F14-C01,M,Y,exact,day,9.26,png2016,
20,P-F34-C01,M,Y,exact,day,7.59,png2016,
21,P-F34-C02,F,Y,exact,day,21.26,png2016,
22,P-F34-C03,F,Y,exact,day,33.25,png2016,
23,P-F35-C01,M,Y,exact,day,45.27,png2016,
24,P-F35-C02,M,Y,exact,day,5.29,png2016,
25,P-F36-C01,M,Y,exact,day,45.63,png2016,
26,P-F37-C01,F,N,exact,day,14.98,png2016,
27,P-F38-C01,M,Y,exact,day,27.79,png2016,
28,P-F38-C02,F,Y,exact,day,2.23,png2016,
29,P-F39-C01,M,Y,exact,day,47.34,png2016,
30,P-F39-C02,M,Y,exact,day,24.94,png2016,
31,P-F39-C03,F,Y,exact,day,24.94,png2016,
32,P-F40-C01,M,Y,exact,day,39.79,png2016,
33,P-F40-C02,F,N,exact,day,17.12,png2016,
34,P-F41-C01,F,Y,exact,day,42.28,png2016,
35,P-F41-C02,M,Y,exact,day,11.07,png2016,
36,P-F42-C01,M,Y,exact,day,52.3,png2016,
37,P-F43-C01,F,Y,exact,day,35.94,png2016,
38,P-F44-C01,M,Y,exact,day,50.99,png2016,
39,P-F45-C01,F,Y,exact,day,53.85,png2016,
40,P-F46-C01,F,Y,exact,day,41.46,png2016,
41,P-F46-C02,M,Y,exact,day,13.24,png2016,
42,P-F47-C01,M,Y,exact,day,26.91,png2016,
43,P-F48-C01,M,Y,exact,day,12.42,png2016,
44,P-F49-C01,M,Y,exact,day,37.22,png2016,
45,P-F50-C01,F,Y,exact,day,30.29,png2016,
46,P-F51-C01,M,Y,exact,day,31.57,png2016,
47,P-F52-C01,M,Y,exact,day,4.44,png2016,
48,P-F53-C01,M,Y,exact,day,23.72,png2016,
49,P-F54-C01,F,Y,exact,day,30.52,png2016,
50,P-F55-C01,M,Y,exact,day,28.71,png2016,
51,P-F56-C01,F,Y,exact,day,3.61,png2016,
52,P-F57-C01,M,Y,exact,day,9.1,png2016,
53,P-F58-C01,M,Y,exact,day,35.06,png2016,
54,P-F58-C02,M,Y,exact,day,13.17,png2016,
55,P-F59-C01,M,Y,exact,day,27.07,png2016,
56,P-F60-C01,F,Y,exact,day,28.29,png2016,
57,P-F61-C01,M,Y,exact,day,21.49,png2016,
58,P-F62-C01,M,Y,exact,day,20.07,png2016,
2,Alex,M,Y,exact,day,16.89,providence,
3,Ethan,M,N,exact,day,17.35,providence,Asperger
4,Lily,F,Y,exact,day,17.81,providence,
5,Naima,F,Y,exact,day,18.43,providence,
6,Violet,F,Y,exact,day,18.96,providence,
7,William,M,Y,exact,day,19.19,providence,
2,COF,F,Y,exact,day,41.07,lyon,
3,CUM,M,Y,exact,day,41.1,lyon,
4,DUN,M,Y,exact,day,41.26,lyon,
5,FRH,M,Y,exact,day,41.26,lyon,
6,GAL,F,Y,exact,day,41.3,lyon,
7,GOE,F,Y,exact,day,18.83,lyon,
8,GOG,M,Y,exact,day,18.89,lyon,
9,HED,F,Y,exact,day,19.45,lyon,
10,LAG,M,Y,exact,day,33.64,lyon,
11,LEN,M,Y,exact,day,33.68,lyon,
12,MON,M,Y,exact,day,33.74,lyon,
13,PEF,F,Y,exact,day,31.38,lyon,
14,SAV,F,Y,exact,day,31.41,lyon,
15,VAA,F,Y,exact,day,31.67,lyon,
16,VAP,M,Y,exact,day,38.01,lyon,
17,ZOS,F,Y,exact,day,38.08,lyon,
2,c01,F,Y,extrapolated,month,61.01,png2019,
3,c02,M,Y,extrapolated,month,39.0,png2019,
4,c03,F,Y,extrapolated,month,3.02,png2019,
5,c04,F,Y,extrapolated,month,66.04,png2019,
6,c05,M,Y,extrapolated,month,22.97,png2019,
7,c06,M,Y,extrapolated,month,52.01,png2019,
8,c07,M,Y,extrapolated,month,36.99,png2019,
9,c08,F,Y,extrapolated,month,11.99,png2019,
10,c09,M,Y,extrapolated,month,35.98,png2019,
11,c10,F,Y,extrapolated,month,25.0,png2019,
12,c11,M,Y,extrapolated,month,11.99,png2019,
13,c12,F,Y,extrapolated,month,58.05,png2019,
14,c13,M,Y,extrapolated,month,48.0,png2019,
15,c14,F,Y,extrapolated,month,69.03,png2019,
16,c15,F,Y,extrapolated,month,31.01,png2019,
17,c16,F,Y,extrapolated,month,5.03,png2019,
18,c17,M,Y,extrapolated,month,9.03,png2019,
19,c18,M,Y,extrapolated,month,11.99,png2019,
20,c19,M,Y,extrapolated,month,14.0,png2019,
21,c20,M,Y,extrapolated,month,58.97,png2019,
22,c21,M,Y,extrapolated,month,53.03,png2019,
23,c22,M,Y,extrapolated,month,32.03,png2019,
24,c23,F,Y,extrapolated,month,8.05,png2019,
25,c24,M,Y,extrapolated,month,15.01,png2019,
26,c25,F,Y,extrapolated,month,8.05,png2019,
27,c26,M,Y,extrapolated,month,8.05,png2019,
28,c27,F,Y,extrapolated,month,45.01,png2019,
29,c28,M,Y,extrapolated,month,19.02,png2019,
30,c29,F,Y,extrapolated,month,14.0,png2019,
31,c30,M,Y,extrapolated,month,75.99,png2019,
32,c31,M,Y,extrapolated,month,14.0,png2019,
33,c32,F,Y,extrapolated,month,15.01,png2019,
34,c33,M,Y,extrapolated,month,16.0,png2019,
35,c34,F,Y,extrapolated,month,8.05,png2019,
36,c35,F,Y,extrapolated,month,25.0,png2019,
37,c36,M,Y,extrapolated,month,51.02,png2019,
38,c38,F,Y,extrapolated,month,62.0,png2019,
39,c39,M,Y,extrapolated,month,56.05,png2019,
40,c40,F,Y,extrapolated,month,14.0,png2019,
41,c41,F,NA,extrapolated,month,27.01,png2019,
42,c42,F,NA,extrapolated,month,25.0,png2019,
43,c43,M,NA,extrapolated,month,14.0,png2019,
44,c44,M,NA,extrapolated,month,10.97,png2019,
45,c45,F,NA,extrapolated,month,37.98,png2019,
46,c46,M,NA,extrapolated,month,23.98,png2019,
47,c47,F,NA,extrapolated,month,20.04,png2019,
48,c48,F,NA,extrapolated,month,9.03,png2019,
49,c49,F,NA,extrapolated,month,30.03,png2019,
50,c51,M,NA,extrapolated,month,3.02,png2019,
51,c52,M,NA,extrapolated,month,23.98,png2019,
52,c53,M,NA,extrapolated,month,30.03,png2019,
53,c54,F,NA,extrapolated,month,33.02,png2019,
54,c55,M,Y,extrapolated,month,18.04,png2019,
55,c56,F,Y,extrapolated,month,79.01,png2019,
56,c57,F,Y,extrapolated,month,57.03,png2019,
57,c58,F,Y,extrapolated,month,61.01,png2019,
58,c59,M,Y,extrapolated,month,68.04,png2019,
59,c60,M,Y,extrapolated,month,63.01,png2019,
60,c61,F,Y,extrapolated,month,62.0,png2019,
61,c62,M,Y,extrapolated,month,62.0,png2019,
2,C01,F,Y,exact,month,26.61,tsimanem2018,
3,C02,M,Y,exact,month,26.61,tsimanem2018,
4,C06,F,Y,exact,month,26.61,tsimanem2018,
5,C07,M,Y,exact,month,26.61,tsimanem2018,
6,C08,F,Y,exact,month,26.61,tsimanem2018,
7,C09,M,Y,exact,month,26.61,tsimanem2018,
8,C17,F,Y,exact,month,26.61,tsimanem2018,
9,C18,M,Y,exact,month,26.61,tsimanem2018,
10,C19,F,Y,exact,month,26.64,tsimanem2018,
11,C20,F,Y,exact,month,26.64,tsimanem2018,
12,C22,M,Y,exact,month,26.64,tsimanem2018,
13,C23,M,Y,exact,month,26.64,tsimanem2018,
14,C24,F,Y,exact,month,26.64,tsimanem2018,
15,C25,F,Y,exact,month,26.64,tsimanem2018,
16,C30,F,Y,exact,month,26.64,tsimanem2018,
17,C31,F,Y,exact,month,26.64,tsimanem2018,
18,C34,F,Y,exact,month,26.64,tsimanem2018,
19,C36,M,Y,exact,month,26.64,tsimanem2018,
20,C41,M,Y,exact,month,26.64,tsimanem2018,
21,C42,M,Y,exact,month,52.9,tsimanem2018,
22,C45,M,Y,exact,month,52.93,tsimanem2018,
23,C46,M,Y,exact,month,21.06,tsimanem2018,
24,C47,F,Y,exact,month,21.06,tsimanem2018,
25,C48,F,Y,exact,month,21.09,tsimanem2018,
26,C49,F,Y,exact,month,21.09,tsimanem2018,
27,C50,M,Y,exact,month,21.06,tsimanem2018,
28,C51,F,Y,exact,month,21.06,tsimanem2018,
29,C52,F,Y,exact,month,21.06,tsimanem2018,
3,A730,NA,Y,extrapolated,day,,fausey-trio,
7,B895,NA,Y,extrapolated,day,11.27,fausey-trio,
11,E574,NA,Y,extrapolated,day,,fausey-trio,
15,G307,NA,Y,extrapolated,day,,fausey-trio,
16,G448,NA,Y,extrapolated,day,,fausey-trio,
17,G582,NA,Y,extrapolated,day,12.06,fausey-trio,
18,H461,NA,Y,extrapolated,day,12.12,fausey-trio,
20,H646,NA,Y,extrapolated,day,,fausey-trio,
23,I988,NA,Y,extrapolated,day,,fausey-trio,
24,J200,NA,Y,extrapolated,day,,fausey-trio,
26,J378,NA,Y,extrapolated,day,,fausey-trio,
27,K047,NA,Y,extrapolated,day,,fausey-trio,
28,K160,NA,Y,extrapolated,day,,fausey-trio,
29,K785,NA,Y,extrapolated,day,8.97,fausey-trio,
31,L437,NA,Y,extrapolated,day,9.07,fausey-trio,
38,O620,NA,Y,extrapolated,day,,fausey-trio,
39,P175,NA,Y,extrapolated,day,,fausey-trio,
41,P852,NA,Y,extrapolated,day,8.94,fausey-trio,
45,R142,NA,Y,extrapolated,day,11.01,fausey-trio,
46,R207,NA,Y,extrapolated,day,11.04,fausey-trio,
48,S396,NA,Y,extrapolated,day,7.2,fausey-trio,
49,T066,NA,Y,extrapolated,day,7.23,fausey-trio,
50,T430,NA,Y,extrapolated,day,11.33,fausey-trio,
53,U698,NA,Y,extrapolated,day,,fausey-trio,
55,V899,NA,Y,extrapolated,day,,fausey-trio,
56,W665,NA,Y,extrapolated,day,11.76,fausey-trio,
62,Z105,NA,Y,extrapolated,day,,fausey-trio,
63,Z828,NA,Y,extrapolated,day,,fausey-trio,
2,1,F,Y,exact,day,2.96,oshikoto2025-petrovic,
3,2,F,Y,extrapolated,other,2.96,oshikoto2025-petrovic,
4,3,M,Y,extrapolated,other,4.04,oshikoto2025-petrovic,
5,4,F,Y,extrapolated,other,4.04,oshikoto2025-petrovic,
6,5,M,Y,extrapolated,other,4.04,oshikoto2025-petrovic,
7,6,F,Y,extrapolated,other,8.44,oshikoto2025-petrovic,
8,7,M,Y,exact,day,8.44,oshikoto2025-petrovic,
9,8,M,Y,exact,day,5.06,oshikoto2025-petrovic,
10,9,F,Y,exact,day,5.06,oshikoto2025-petrovic,
11,10,M,Y,exact,day,20.37,oshikoto2025-petrovic,
12,11,F,Y,exact,day,20.37,oshikoto2025-petrovic,
13,12,M,Y,extrapolated,other,24.54,oshikoto2025-petrovic,
14,13,M,Y,extrapolated,other,24.54,oshikoto2025-petrovic,
15,14,M,Y,extrapolated,other,25.72,oshikoto2025-petrovic,
16,15,F,Y,exact,day,25.72,oshikoto2025-petrovic,
17,16,F,Y,extrapolated,other,25.72,oshikoto2025-petrovic,
18,17,M,Y,exact,day,26.84,oshikoto2025-petrovic,
19,18,M,Y,extrapolated,other,26.84,oshikoto2025-petrovic,
20,19,M,Y,exact,day,26.84,oshikoto2025-petrovic,
21,20,F,Y,exact,day,22.31,oshikoto2025-petrovic,
22,21,F,Y,extrapolated,other,22.31,oshikoto2025-petrovic,
23,22,F,Y,extrapolated,other,22.31,oshikoto2025-petrovic,
24,23,F,Y,extrapolated,other,30.19,oshikoto2025-petrovic,
25,24,F,Y,extrapolated,other,30.19,oshikoto2025-petrovic,
26,25,F,Y,exact,day,30.19,oshikoto2025-petrovic,
27,26,F,Y,exact,day,15.41,oshikoto2025-petrovic,
28,27,F,Y,exact,day,15.41,oshikoto2025-petrovic,
29,28,F,Y,extrapolated,other,3.84,oshikoto2025-petrovic,
30,29,F,Y,exact,day,3.84,oshikoto2025-petrovic,
31,30,F,Y,extrapolated,other,2.46,oshikoto2025-petrovic,
32,31,F,Y,extrapolated,other,2.46,oshikoto2025-petrovic,
33,32,F,Y,extrapolated,other,8.21,oshikoto2025-petrovic,
34,33,M,Y,extrapolated,other,8.21,oshikoto2025-petrovic,
35,34,F,Y,extrapolated,other,13.63,oshikoto2025-petrovic,
2,C01,F,Y,extrapolated,year,24.02,solomon,
3,C02,F,Y,extrapolated,year,36.01,solomon,
4,C03,F,Y,extrapolated,year,36.01,solomon,
5,C04,F,Y,extrapolated,month,6.01,solomon,
6,C05,M,Y,extrapolated,year,24.02,solomon,
7,C06,F,Y,extrapolated,year,,solomon,
8,C07,M,Y,extrapolated,year,11.04,solomon,
9,C08,F,Y,extrapolated,year,20.01,solomon,
10,C09,F,Y,extrapolated,month,,solomon,
11,C10,NA,Y,extrapolated,year,10.02,solomon,
12,C11,F,Y,extrapolated,month,29.01,solomon,
13,C12,M,Y,extrapolated,year,36.01,solomon,
14,C13,M,Y,extrapolated,month,14.03,solomon,
15,C14,M,Y,extrapolated,month,26.02,solomon,
16,C15,F,Y,extrapolated,year,12.02,solomon,
17,C16,M,Y,extrapolated,month,18.0,solomon,
18,C17,M,Y,extrapolated,month,18.0,solomon,
19,C18,M,Y,extrapolated,month,11.01,solomon,
20,C19,M,Y,extrapolated,year,11.99,solomon,
21,C20,M,Y,extrapolated,year,36.01,solomon,
22,C21,M,Y,extrapolated,year,36.01,solomon,
23,C22,F,Y,extrapolated,month,18.0,solomon,
24,C23,F,Y,extrapolated,year,24.02,solomon,
25,C24,F,Y,extrapolated,year,24.02,solomon,
26,C25,F,Y,extrapolated,year,21.03,solomon,
27,C26,F,Y,extrapolated,month,23.03,solomon,
28,C27,F,Y,extrapolated,year,24.02,solomon,
29,C28,M,Y,extrapolated,month,,solomon,
30,C29,M,Y,extrapolated,year,19.02,solomon,
31,C30,M,Y,extrapolated,month,36.01,solomon,
32,C31,M,Y,extrapolated,year,,solomon,
33,C32,M,Y,extrapolated,month,18.0,solomon,
34,C33,F,Y,extrapolated,month,18.0,solomon,
35,C34,M,Y,extrapolated,year,24.02,solomon,
36,C35,M,Y,extrapolated,month,17.02,solomon,
37,C36,F,Y,extrapolated,year,36.01,solomon,
38,C37,M,Y,extrapolated,month,15.01,solomon,
39,C38,M,Y,extrapolated,year,48.0,solomon,
40,C39,F,Y,extrapolated,month,13.01,solomon,
41,C40,F,Y,extrapolated,year,36.01,solomon,
42,C41,M,Y,extrapolated,year,24.02,solomon,
43,C42,M,Y,extrapolated,year,48.0,solomon,
44,C43,M,Y,extrapolated,year,36.01,solomon,
45,C44,M,Y,extrapolated,month,16.03,solomon,
46,C45,F,Y,extrapolated,year,36.01,solomon,
47,C46,F,Y,extrapolated,year,24.02,solomon,
48,C47,F,Y,extrapolated,year,36.01,solomon,
49,C48,M,Y,extrapolated,year,24.02,solomon,
50,C49,F,Y,extrapolated,month,18.0,solomon,
51,C50,F,Y,extrapolated,month,36.01,solomon,
52,C51,M,Y,extrapolated,year,17.02,solomon,
53,C52,M,Y,extrapolated,month,48.0,solomon,
54,C53,F,Y,extrapolated,month,18.0,solomon,
55,C54,M,Y,extrapolated,year,,solomon,
56,C55,M,Y,extrapolated,month,24.02,solomon,
57,C56,F,Y,extrapolated,month,12.02,solomon,
58,C57,M,Y,extrapolated,year,24.02,solomon,
59,C58,M,Y,extrapolated,year,,solomon,
60,C59,F,Y,extrapolated,month,24.02,solomon,
61,C60,F,Y,extrapolated,year,24.02,solomon,
62,C61,F,Y,extrapolated,year,36.01,solomon,
63,C62,F,Y,extrapolated,year,36.01,solomon,
64,C63,F,Y,extrapolated,year,,solomon,
65,C64,NA,Y,extrapolated,other,,solomon,
66,C65,F,Y,extrapolated,year,36.01,solomon,
67,C66,F,Y,extrapolated,month,24.02,solomon,
68,C67,F,Y,extrapolated,year,8.02,solomon,
69,C68,M,Y,extrapolated,year,36.01,solomon,
70,C69,F,Y,extrapolated,year,18.0,solomon,
71,C70,F,Y,extrapolated,month,24.02,solomon,
72,C71,F,Y,extrapolated,year,36.01,solomon,
73,C72,M,Y,extrapolated,month,24.02,solomon,
74,C73,F,Y,extrapolated,year,,solomon,
75,C74,M,Y,extrapolated,year,14.03,solomon,
76,C75,F,Y,extrapolated,year,,solomon,
77,C76,M,Y,extrapolated,month,,solomon,
78,C77,F,Y,extrapolated,year,24.02,solomon,
79,C78,M,Y,extrapolated,year,36.01,solomon,
80,C79,M,Y,extrapolated,month,19.02,solomon,
81,C80,M,Y,extrapolated,year,24.02,solomon,
82,C81,F,Y,extrapolated,year,24.02,solomon,
83,C82,M,Y,extrapolated,month,26.02,solomon,
84,C83,M,Y,extrapolated,year,24.02,solomon,
85,C84,F,Y,extrapolated,year,24.02,solomon,
86,C85,F,Y,extrapolated,year,24.02,solomon,
87,C86,M,Y,extrapolated,year,24.02,solomon,
88,C87,M,Y,extrapolated,year,36.01,solomon,
89,C88,M,Y,extrapolated,month,19.02,solomon,
90,C89,M,Y,extrapolated,month,19.02,solomon,
91,C90,F,Y,extrapolated,month,16.03,solomon,
92,C91,M,Y,extrapolated,year,24.02,solomon,
93,C92,M,Y,extrapolated,month,18.0,solomon,
94,C93,M,Y,extrapolated,month,16.03,solomon,
95,C94,M,Y,extrapolated,year,24.02,solomon,
96,C95,M,Y,extrapolated,month,19.02,solomon,
97,C96,F,Y,extrapolated,year,36.01,solomon,
98,C97,M,Y,extrapolated,month,17.02,solomon,
99,C98,F,Y,extrapolated,year,36.01,solomon,
100,C99,F,Y,extrapolated,year,24.02,solomon,
101,C100,F,Y,extrapolated,year,24.02,solomon,
102,C101,M,Y,extrapolated,year,24.02,solomon,
103,C102,M,Y,extrapolated,year,36.01,solomon,
104,C103,M,Y,extrapolated,year,24.02,solomon,
105,C104,F,Y,extrapolated,year,12.02,solomon,
106,C105,M,Y,extrapolated,year,12.02,solomon,
107,C106,M,Y,extrapolated,year,12.02,solomon,
108,C107,F,Y,extrapolated,year,36.01,solomon,
109,C108,M,Y,extrapolated,year,12.02,solomon,
110,C109,F,Y,extrapolated,year,24.02,solomon,
111,C110,M,Y,extrapolated,year,12.02,solomon,
112,C111,M,Y,extrapolated,year,24.02,solomon,
113,C112,M,Y,extrapolated,year,12.02,solomon,
114,C113,F,Y,extrapolated,year,12.02,solomon,
115,C114,M,Y,extrapolated,year,12.02,solomon,
116,C115,M,Y,extrapolated,month,22.01,solomon,
117,C116,F,Y,extrapolated,year,24.02,solomon,
118,C117,F,Y,extrapolated,year,,solomon,
119,C118,NA,Y,extrapolated,other,30.03,solomon,
120,C119,M,Y,extrapolated,month,24.02,solomon,
121,C120,F,Y,extrapolated,year,36.01,solomon,
122,C121,F,Y,extrapolated,year,24.02,solomon,
123,C122,M,Y,extrapolated,year,36.01,solomon,
124,C123,M,Y,extrapolated,year,36.01,solomon,
125,C124,M,Y,extrapolated,year,36.01,solomon,
126,C125,M,Y,extrapolated,year,36.01,solomon,
127,C126,M,Y,extrapolated,year,36.01,solomon,
128,C127,F,Y,extrapolated,year,36.01,solomon,
129,C128,F,Y,extrapolated,year,15.01,solomon,
130,C129,M,Y,extrapolated,month,,solomon,
131,C130,M,Y,extrapolated,year,12.02,solomon,
132,C131,M,Y,extrapolated,year,12.02,solomon,
133,C132,F,Y,extrapolated,year,24.02,solomon,
134,C133,M,Y,extrapolated,month,27.01,solomon,
135,C134,F,Y,extrapolated,year,36.01,solomon,
136,C135,F,Y,extrapolated,year,24.02,solomon,
137,C136,F,Y,extrapolated,year,36.01,solomon,
138,C137,M,Y,extrapolated,year,24.02,solomon,
139,C138,F,Y,extrapolated,year,36.01,solomon,
140,C139,M,Y,extrapolated,year,36.01,solomon,
141,C140,F,Y,extrapolated,month,16.03,solomon,
142,C141,F,Y,extrapolated,year,36.01,solomon,
143,C142,F,Y,extrapolated,year,36.01,solomon,
144,C143,M,Y,extrapolated,year,36.01,solomon,
145,C144,F,Y,extrapolated,year,36.01,solomon,
146,C145,M,Y,extrapolated,year,36.01,solomon,
147,C146,M,Y,extrapolated,month,13.01,solomon,
148,C147,F,Y,extrapolated,month,33.02,solomon,
149,C148,M,Y,extrapolated,other,36.01,solomon,
150,C149,M,Y,extrapolated,year,36.01,solomon,
151,C150,M,Y,extrapolated,year,36.01,solomon,
152,C151,F,Y,extrapolated,year,12.02,solomon,
153,C152,F,Y,extrapolated,year,36.01,solomon,
154,C153,F,Y,extrapolated,year,12.02,solomon,
155,C154,F,Y,extrapolated,year,36.01,solomon,
156,C155,F,Y,extrapolated,year,36.01,solomon,
157,C156,M,Y,extrapolated,month,4.01,solomon,
158,C157,F,Y,extrapolated,year,24.02,solomon,
159,C158,F,Y,extrapolated,year,24.02,solomon,
160,C159,M,Y,extrapolated,year,12.02,solomon,
161,C160,M,Y,extrapolated,year,12.02,solomon,
162,C161,F,Y,extrapolated,year,24.02,solomon,
163,C162,F,Y,extrapolated,year,24.02,solomon,
164,C163,F,Y,extrapolated,year,36.01,solomon,
165,C164,F,Y,extrapolated,year,36.01,solomon,
166,C165,F,Y,extrapolated,year,36.01,solomon,
167,C166,M,Y,extrapolated,year,24.02,solomon,
168,C167,M,Y,extrapolated,year,36.01,solomon,
169,C168,F,Y,extrapolated,month,19.02,solomon,
170,C169,M,Y,extrapolated,year,24.02,solomon,
171,C170,F,Y,extrapolated,year,36.01,solomon,
172,C171,M,Y,extrapolated,year,36.01,solomon,
173,C172,F,Y,extrapolated,year,36.01,solomon,
174,C173,F,Y,extrapolated,year,19.02,solomon,
175,C174,M,Y,extrapolated,month,36.01,solomon,
176,C175,M,Y,extrapolated,year,36.01,solomon,
177,C176,F,Y,extrapolated,year,17.02,solomon,
178,C177,M,Y,extrapolated,month,24.02,solomon,
179,C178,M,Y,extrapolated,year,36.01,solomon,
180,C179,M,Y,extrapolated,year,18.0,solomon,
181,C180,M,Y,extrapolated,year,36.01,solomon,
182,C181,M,Y,extrapolated,month,18.0,solomon,
183,C182,F,Y,extrapolated,year,12.02,solomon,
184,C183,F,Y,extrapolated,month,24.02,solomon,
185,C184,M,Y,extrapolated,year,,solomon,
186,C185,M,Y,extrapolated,year,24.02,solomon,
187,C186,F,Y,extrapolated,year,28.02,solomon,
188,C187,F,Y,extrapolated,month,24.02,solomon,
189,C188,M,Y,extrapolated,month,24.02,solomon,
190,C189,M,Y,extrapolated,year,16.0,solomon,
191,C190,F,Y,extrapolated,year,24.02,solomon,
192,C191,F,Y,extrapolated,year,14.0,solomon,
193,C192,M,Y,extrapolated,year,18.0,solomon,
194,C193,M,Y,extrapolated,year,,solomon,
195,C194,M,Y,extrapolated,year,21.03,solomon,
196,C195,M,Y,extrapolated,month,33.02,solomon,
197,C196,F,Y,extrapolated,month,22.01,solomon,
198,C197,M,Y,extrapolated,month,36.01,solomon,
199,C198,F,Y,extrapolated,month,18.0,solomon,
200,C199,M,Y,extrapolated,year,36.01,solomon,
201,C200,F,Y,extrapolated,month,22.01,solomon,
202,C201,F,Y,extrapolated,year,23.03,solomon,
203,C202,F,Y,extrapolated,month,,solomon,
204,C203,M,Y,extrapolated,month,36.01,solomon,
205,C204,M,Y,extrapolated,year,,solomon,
206,C205,F,Y,extrapolated,month,15.01,solomon,
207,C206,M,Y,extrapolated,month,19.22,solomon,
208,C207,NA,Y,extrapolated,other,24.02,solomon,
209,C208,M,Y,extrapolated,year,24.02,solomon,
210,C209,M,Y,extrapolated,year,36.01,solomon,
2,DLR_1,NA,Y,extrapolated,month,11.99,japanese-tsuji2024,
3,DLR_2,NA,Y,extrapolated,month,11.99,japanese-tsuji2024,
4,DLR_3,NA,Y,extrapolated,month,11.99,japanese-tsuji2024,
5,DLR_4,NA,Y,extrapolated,month,11.99,japanese-tsuji2024,
6,DLR_5,NA,Y,extrapolated,month,11.99,japanese-tsuji2024,
7,DLR_6,NA,Y,extrapolated,month,11.99,japanese-tsuji2024,
8,DLR_7,NA,Y,extrapolated,month,11.99,japanese-tsuji2024,
9,DLR_8,NA,Y,extrapolated,month,11.99,japanese-tsuji2024,
10,DLR_9,NA,Y,extrapolated,month,11.99,japanese-tsuji2024,
11,DLR_10,NA,Y,extrapolated,month,11.99,japanese-tsuji2024,
12,DLR_11,NA,Y,extrapolated,month,11.99,japanese-tsuji2024,
13,DLR_12,NA,Y,extrapolated,month,11.99,japanese-tsuji2024,
14,DLR_13,NA,Y,extrapolated,month,11.99,japanese-tsuji2024,
15,DLR_14,NA,Y,extrapolated,month,11.99,japanese-tsuji2024,
16,DLR_15,NA,Y,extrapolated,month,11.99,japanese-tsuji2024,
17,DLR_16,NA,Y,extrapolated,month,11.99,japanese-tsuji2024,
18,DLR_17,NA,Y,extrapolated,month,11.99,japanese-tsuji2024,
19,DLR_18,NA,Y,extrapolated,month,11.99,japanese-tsuji2024,
20,DLR_19,NA,Y,extrapolated,month,11.99,japanese-tsuji2024,
21,DLR_20,NA,Y,extrapolated,month,11.99,japanese-tsuji2024,
22,DLR_21,NA,Y,extrapolated,month,11.99,japanese-tsuji2024,
23,DLR_22,NA,Y,extrapolated,month,11.99,japanese-tsuji2024,
24,DLR_23,NA,Y,extrapolated,month,11.99,japanese-tsuji2024,
25,DLR_24,NA,Y,extrapolated,month,11.99,japanese-tsuji2024,
26,DLR_25,NA,Y,extrapolated,month,11.99,japanese-tsuji2024,
27,DLR_26,NA,Y,extrapolated,month,11.99,japanese-tsuji2024,
28,DLR_27,NA,Y,extrapolated,month,11.99,japanese-tsuji2024,
29,DLR_28,NA,Y,extrapolated,month,11.99,japanese-tsuji2024,
30,DLR_29,NA,Y,extrapolated,month,11.99,japanese-tsuji2024,
31,DLR_30,NA,Y,extrapolated,month,11.99,japanese-tsuji2024,
32,DLR_31,NA,Y,extrapolated,month,11.99,japanese-tsuji2024,
33,DLR_32,NA,Y,extrapolated,month,11.99,japanese-tsuji2024,
34,DLR_33,NA,Y,extrapolated,month,11.99,japanese-tsuji2024,
35,DLR_34,NA,Y,extrapolated,month,11.99,japanese-tsuji2024,
36,DLR_35,NA,Y,extrapolated,month,11.99,japanese-tsuji2024,
37,DLR_36,NA,Y,extrapolated,month,11.99,japanese-tsuji2024,
38,DLR_37,NA,Y,extrapolated,month,11.99,japanese-tsuji2024,
39,DLR_38,NA,Y,extrapolated,month,11.99,japanese-tsuji2024,
40,DLR_39,NA,Y,extrapolated,month,11.99,japanese-tsuji2024,
41,DLR_40,NA,Y,extrapolated,month,11.99,japanese-tsuji2024,
42,DLR_41,NA,Y,extrapolated,month,11.99,japanese-tsuji2024,
2,M-F01-C01,F,Y,exact,day,7.1,tseltal2015,
3,M-F01-C02,M,Y,exact,day,38.9,tseltal2015,
4,M-F02-C01,F,Y,exact,day,10.78,tseltal2015,
5,M-F03-C01,M,Y,exact,day,14.32,tseltal2015,
6,M-F04-C01,M,Y,exact,day,9.66,tseltal2015,
7,M-F04-C02,F,Y,exact,day,31.15,tseltal2015,
8,M-F05-C01,M,Y,exact,day,3.58,tseltal2015,
9,M-F05-C02,F,Y,exact,day,31.64,tseltal2015,
10,M-F06-C01,F,Y,exact,day,11.27,tseltal2015,
11,M-F07-C01,F,Y,exact,day,25.82,tseltal2015,
12,M-F08-C01,F,Y,exact,day,5.88,tseltal2015,
13,M-F09-C01,F,Y,exact,day,19.78,tseltal2015,
14,M-F09-C02,M,Y,exact,day,37.98,tseltal2015,
15,M-F10-C01,M,Y,exact,day,34.04,tseltal2015,
16,M-F11-C01,F,Y,exact,day,34.14,tseltal2015,
17,M-F12-C01,M,Y,exact,day,7.69,tseltal2015,
18,M-F13-C01,F,Y,exact,day,,tseltal2015,
19,M-F14-C01,M,Y,exact,day,27.93,tseltal2015,
20,M-F14-C02,M,Y,exact,day,27.37,tseltal2015,
21,M-F15-C01,M,Y,exact,day,22.08,tseltal2015,
22,M-F16-C01,F,Y,exact,day,22.31,tseltal2015,
23,M-F16-C02,F,Y,exact,day,45.08,tseltal2015,
24,M-F17-C01,F,Y,exact,day,2.3,tseltal2015,
25,M-F18-C01,M,Y,exact,day,22.21,tseltal2015,
26,M-F19-C01,F,Y,exact,day,45.44,tseltal2015,
27,M-F20-C01,F,Y,exact,day,7.46,tseltal2015,
28,M-F20-C02,M,Y,exact,day,2.6,tseltal2015,
29,M-F21-C01,F,Y,exact,day,26.81,tseltal2015,
30,M-F22-C01,M,Y,exact,day,2.14,tseltal2015,
31,M-F23-C01,M,Y,exact,day,39.06,tseltal2015,
32,M-F24-C01,M,Y,exact,day,24.54,tseltal2015,
33,M-F24-C02,M,Y,exact,day,13.67,tseltal2015,
34,M-F25-C01,F,Y,exact,day,7.66,tseltal2015,
35,M-F26-C01,M,Y,exact,day,6.21,tseltal2015,
36,M-F27-C01,F,Y,exact,day,41.46,tseltal2015,
37,M-F27-C02,F,Y,exact,day,46.19,tseltal2015,
38,M-F28-C01,M,Y,exact,day,9.3,tseltal2015,
39,M-F29-C01,M,Y,exact,day,16.0,tseltal2015,
40,M-F30-C01,F,Y,exact,day,47.67,tseltal2015,
41,M-F31-C01,M,Y,exact,day,8.67,tseltal2015,
42,M-F32-C01,F,Y,exact,day,10.68,tseltal2015,
43,M-F33-C01,F,Y,exact,day,29.4,tseltal2015,
44,M-F34-C01,M,Y,exact,day,38.83,tseltal2015,
45,M-F35-C01,M,Y,exact,day,5.26,tseltal2015,
46,M-F36-C01,F,Y,exact,day,40.48,tseltal2015,
47,M-F37-C01,F,Y,exact,day,6.31,tseltal2015,
48,M-F37-C02,F,Y,exact,day,13.14,tseltal2015,
49,M-F38-C01,F,Y,exact,day,17.81,tseltal2015,
50,M-F39-C01,F,Y,exact,day,6.7,tseltal2015,
51,M-F40-C01,M,Y,exact,day,32.13,tseltal2015,
52,M-F40-C02,F,Y,exact,day,31.57,tseltal2015,
53,M-F41-C01,F,Y,exact,day,34.76,tseltal2015,
54,M-F42-C01,M,Y,exact,day,1.84,tseltal2015,
55,M-F43-C01,F,Y,exact,day,36.11,tseltal2015,
56,M-F43-C02,M,Y,exact,day,26.41,tseltal2015,
2,C1,M,Y,extrapolated,day,12.52,ticuna2018,
3,C10,M,Y,extrapolated,day,12.52,ticuna2018,
4,C11,F,Y,extrapolated,day,24.54,ticuna2018,
5,C12,F,Y,extrapolated,day,24.54,ticuna2018,
6,C13,F,Y,extrapolated,day,24.54,ticuna2018,
7,C14,M,Y,extrapolated,day,24.54,ticuna2018,
8,C15,F,Y,extrapolated,day,24.54,ticuna2018,
9,C16,M,Y,extrapolated,day,24.54,ticuna2018,
10,C17,M,Y,extrapolated,day,24.54,ticuna2018,
11,C18,M,Y,extrapolated,day,24.54,ticuna2018,
12,C19,M,Y,extrapolated,day,12.25,ticuna2018,
13,C2,F,Y,extrapolated,day,12.25,ticuna2018,
14,C20,F,Y,extrapolated,day,12.25,ticuna2018,
15,C21,F,Y,extrapolated,day,12.25,ticuna2018,
16,C22,F,Y,extrapolated,day,12.25,ticuna2018,
17,C23,M,Y,extrapolated,day,12.25,ticuna2018,
18,C24,F,Y,extrapolated,day,24.9,ticuna2018,
19,C25,M,Y,extrapolated,day,24.9,ticuna2018,
20,C26,F,Y,extrapolated,day,24.9,ticuna2018,
21,C27,F,Y,extrapolated,day,24.9,ticuna2018,
22,C28,M,Y,extrapolated,day,24.9,ticuna2018,
23,C29,F,Y,extrapolated,day,24.9,ticuna2018,
24,C3,M,Y,extrapolated,day,36.8,ticuna2018,
25,C30,F,Y,extrapolated,day,36.8,ticuna2018,
26,C31,M,Y,extrapolated,day,36.8,ticuna2018,
27,C32,F,Y,extrapolated,day,36.8,ticuna2018,
28,C33,M,Y,extrapolated,day,12.65,ticuna2018,
29,C34,F,Y,extrapolated,day,12.65,ticuna2018,
30,C35,F,Y,extrapolated,day,12.65,ticuna2018,
31,C36,F,Y,extrapolated,day,12.65,ticuna2018,
32,C37,F,Y,extrapolated,day,12.65,ticuna2018,
33,C38,M,Y,extrapolated,day,12.65,ticuna2018,
34,C39,M,Y,extrapolated,day,48.62,ticuna2018,
35,C4,F,Y,extrapolated,day,48.62,ticuna2018,
36,C40,M,Y,extrapolated,day,48.62,ticuna2018,
37,C41,F,Y,extrapolated,day,11.99,ticuna2018,
38,C42,M,Y,extrapolated,day,11.99,ticuna2018,
39,C43,M,Y,extrapolated,day,11.99,ticuna2018,
40,C44,F,Y,extrapolated,day,11.99,ticuna2018,
41,C45,F,Y,extrapolated,day,48.3,ticuna2018,
42,C46,F,Y,extrapolated,day,48.3,ticuna2018,
43,C5,F,Y,extrapolated,day,48.3,ticuna2018,
44,C6,F,Y,extrapolated,day,48.3,ticuna2018,
45,C7,F,Y,extrapolated,day,48.3,ticuna2018,
46,C8,M,Y,extrapolated,day,48.3,ticuna2018,
47,C9,F,Y,extrapolated,day,48.3,ticuna2018,
2,C004,F,Y,extrapolated,month,10.97,lucid,
3,C006,F,Y,extrapolated,month,14.92,lucid,
4,C008,F,Y,extrapolated,month,17.94,lucid,
5,C010,M,Y,extrapolated,month,20.96,lucid,
6,C012,M,Y,extrapolated,month,25.92,lucid,
7,C016,M,Y,extrapolated,month,26.91,lucid,
8,C018,F,Y,extrapolated,month,30.95,lucid,
9,C019,M,Y,extrapolated,month,10.97,lucid,
10,C023,M,Y,extrapolated,month,15.93,lucid,
11,C024,M,Y,extrapolated,month,18.96,lucid,
12,C025,F,Y,extrapolated,month,20.96,lucid,
13,C026,F,Y,extrapolated,month,24.9,lucid,
14,C029,M,Y,extrapolated,month,26.91,lucid,
15,C030,F,Y,extrapolated,month,30.95,lucid,
16,C035,F,Y,extrapolated,month,10.97,lucid,
17,C036,M,Y,extrapolated,month,14.92,lucid,
18,C037,F,Y,extrapolated,month,17.94,lucid,
19,C038,F,Y,extrapolated,month,21.95,lucid,
20,C040,M,Y,extrapolated,month,24.9,lucid,
21,C041,M,Y,extrapolated,month,27.93,lucid,
22,C042,F,Y,extrapolated,month,29.93,lucid,
23,C046,F,Y,extrapolated,month,10.97,lucid,
24,C047,M,Y,extrapolated,month,14.92,lucid,
25,C049,F,Y,extrapolated,month,18.96,lucid,
26,C050,F,Y,extrapolated,month,21.95,lucid,
27,C054,F,Y,extrapolated,month,24.9,lucid,
28,C055,F,Y,extrapolated,month,27.93,lucid,
29,C056,M,Y,extrapolated,month,30.95,lucid,
30,C061,F,Y,extrapolated,month,10.97,lucid,
31,C066,M,Y,extrapolated,month,14.92,lucid,
32,C067,M,Y,extrapolated,month,18.96,lucid,
33,C068,M,Y,extrapolated,month,20.96,lucid,
34,C076,M,Y,extrapolated,month,24.9,lucid,
35,C078,M,Y,extrapolated,month,27.93,lucid,
36,C083,M,Y,extrapolated,month,30.95,lucid,
2,C01,F,,extrapolated,day,32.03,tsimane2017,
3,C02,M,,extrapolated,month,20.01,tsimane2017,
4,C03,M,,extrapolated,day,61.73,tsimane2017,
5,C04,F,,extrapolated,day,35.94,tsimane2017,
6,C05,M,,extrapolated,month,9.99,tsimane2017,
7,C06,M,,extrapolated,day,50.76,tsimane2017,
8,C07,F,,extrapolated,month,13.01,tsimane2017,
9,C08,M,,extrapolated,month,48.0,tsimane2017,
10,C09,M,,extrapolated,day,31.24,tsimane2017,
11,C10,M,,extrapolated,day,58.68,tsimane2017,
12,C11,M,,extrapolated,day,23.85,tsimane2017,
13,C12,M,,extrapolated,day,50.99,tsimane2017,
14,C13,F,,extrapolated,day,5.78,tsimane2017,
15,C14,F,,extrapolated,month,8.02,tsimane2017,
16,C15,M,,extrapolated,day,19.32,tsimane2017,
17,C16,F,,extrapolated,day,36.34,tsimane2017,
18,C17,M,,extrapolated,day,54.7,tsimane2017,
19,C18,M,,extrapolated,day,30.03,tsimane2017,
20,C19,F,,extrapolated,day,11.53,tsimane2017,
21,C20,M,,extrapolated,day,38.44,tsimane2017,
22,C21,M,,extrapolated,day,44.16,tsimane2017,
23,C22,M,,extrapolated,day,14.92,tsimane2017,
24,C23,M,,extrapolated,day,68.24,tsimane2017,
25,C24,F,,extrapolated,day,53.85,tsimane2017,
26,C25,M,,extrapolated,day,8.08,tsimane2017,
27,C26,F,,extrapolated,day,47.18,tsimane2017,
28,C27,F,,extrapolated,day,11.76,tsimane2017,
2,CEY,NA,Y,extrapolated,week,25.86,tsay,
3,HBL,NA,Y,extrapolated,week,26.38,tsay,
4,HYS,NA,Y,extrapolated,week,27.24,tsay,
5,LMC,NA,Y,extrapolated,week,27.7,tsay,
6,LWJ,NA,Y,extrapolated,week,28.16,tsay,
7,LYC,NA,Y,extrapolated,week,29.27,tsay,
8,TWX,NA,Y,extrapolated,week,30.26,tsay,
2,1,F,Y,exact,day,30.32,vanuatu,
3,2,F,Y,exact,day,30.36,vanuatu,
4,3,F,Y,exact,day,20.9,vanuatu,
5,4,M,Y,exact,day,20.9,vanuatu,
6,5,M,Y,exact,day,5.03,vanuatu,
7,6,F,Y,exact,day,24.31,vanuatu,
8,7,F,Y,exact,day,24.31,vanuatu,
9,8,F,Y,exact,day,24.34,vanuatu,
10,9,M,Y,exact,day,9.13,vanuatu,
11,10,F,Y,exact,day,11.6,vanuatu,
12,11,F,Y,exact,day,11.6,vanuatu,
13,12,F,Y,exact,day,11.6,vanuatu,
14,13,F,Y,exact,day,13.57,vanuatu,
15,14,F,Y,exact,day,13.57,vanuatu,
16,15,F,Y,exact,day,36.93,vanuatu,
17,16,F,Y,exact,day,36.93,vanuatu,
18,17,M,Y,exact,month,6.6,vanuatu,
19,18,M,Y,exact,day,6.6,vanuatu,
20,19,F,Y,exact,day,19.58,vanuatu,
21,20,M,Y,exact,day,19.58,vanuatu,
22,21,F,Y,exact,day,19.58,vanuatu,
23,22,M,Y,exact,day,19.58,vanuatu,
24,23,M,Y,exact,day,19.58,vanuatu,
25,24,F,Y,exact,day,19.58,vanuatu,
26,25,F,Y,exact,day,19.61,vanuatu,
27,26,M,Y,exact,day,8.61,vanuatu,
28,27,M,Y,exact,day,8.61,vanuatu,
29,28,M,Y,exact,day,8.61,vanuatu,
30,29,F,Y,exact,day,12.98,vanuatu,
31,30,M,Y,exact,day,12.98,vanuatu,
32,31,M,Y,exact,day,12.98,vanuatu,
33,32,F,Y,exact,day,12.98,vanuatu,
34,33,M,Y,exact,day,12.98,vanuatu,
35,34,F,Y,exact,day,20.5,vanuatu,
36,35,M,Y,exact,day,20.5,vanuatu,
37,36,F,Y,exact,day,20.5,vanuatu,
38,37,F,Y,exact,day,20.5,vanuatu,
39,38,F,Y,exact,day,24.8,vanuatu,
40,39,M,Y,exact,day,24.8,vanuatu,
41,40,F,Y,exact,day,24.8,vanuatu,
2,C004,F,Y,extrapolated,month,11.99,winnipeg,
3,C121,F,Y,extrapolated,month,11.99,winnipeg,
4,C167,M,Y,extrapolated,month,13.01,winnipeg,
5,C168,F,Y,extrapolated,month,13.01,winnipeg,
6,C170,F,Y,extrapolated,month,13.93,winnipeg,
7,C173,M,Y,extrapolated,month,32.03,winnipeg,
8,C174,F,Y,extrapolated,month,32.03,winnipeg,
10,C176,M,Y,extrapolated,month,32.03,winnipeg,
11,C180,M,Y,extrapolated,month,32.03,winnipeg,
12,C181,F,Y,extrapolated,month,33.97,winnipeg,
13,C184,M,Y,extrapolated,month,33.97,winnipeg,
14,C186,M,N,extrapolated,month,11.99,winnipeg,
2,thomas,M,Y,exact,day,24.38,thomas,
2,1005,M,Y,exact,day,46.03,quechua,
3,1006,F,Y,exact,day,46.09,quechua,
4,1008,M,Y,exact,day,46.09,quechua,
5,1027,F,Y,exact,day,84.96,quechua,
6,1028,F,Y,exact,day,80.36,quechua,
7,1029,F,Y,exact,day,39.43,quechua,
8,1032,F,Y,exact,day,39.46,quechua,
9,1034,F,Y,exact,day,23.23,quechua,
10,1036,M,Y,exact,day,23.26,quechua,
11,1038,M,Y,exact,day,23.29,quechua,
12,1039,M,Y,exact,day,48.23,quechua,
13,1040,F,Y,exact,day,9.4,quechua,
14,1041,M,Y,exact,day,9.43,quechua,
15,1042,F,Y,exact,day,9.46,quechua,
16,1044,M,Y,exact,month,9.46,quechua,
17,1046,F,Y,exact,day,71.75,quechua,
18,1048,M,Y,exact,day,71.79,quechua,
19,1050,F,Y,exact,day,71.82,quechua,
20,1051,M,Y,exact,day,71.82,quechua,
21,1052,M,Y,exact,day,71.85,quechua,
22,1053,M,Y,exact,day,71.85,quechua,
23,1054,F,Y,exact,day,21.26,quechua,
24,1056,M,Y,exact,day,21.39,quechua,
25,1059,F,Y,exact,day,40.64,quechua,
26,1060,F,Y,exact,day,80.62,quechua,
27,1061,F,Y,exact,day,69.29,quechua,
28,1062,M,Y,exact,day,34.76,quechua,
29,1065,F,Y,exact,day,34.79,quechua,
30,1066,F,Y,exact,day,69.06,quechua,
31,1067,F,Y,exact,day,69.09,quechua,
32,1068,F,Y,exact,day,69.09,quechua,
33,1070,F,Y,exact,day,69.13,quechua,
34,1071,M,Y,exact,day,36.7,quechua,
35,1072,M,Y,exact,day,36.7,quechua,
36,1073,M,Y,exact,day,36.83,quechua,
37,1074,M,Y,exact,day,18.63,quechua,
38,1075,M,Y,exact,day,18.73,quechua,
39,1077,F,Y,exact,day,18.76,quechua,
40,1079,F,Y,exact,day,18.79,quechua,
41,1081,M,Y,exact,day,46.78,quechua,
42,1082,F,Y,exact,day,58.41,quechua,
43,1083,F,Y,exact,day,58.45,quechua,
44,1084,M,Y,exact,day,58.48,quechua,
45,1085,F,Y,exact,day,30.62,quechua,
46,1086,M,Y,exact,day,30.65,quechua,
47,1089,M,Y,exact,day,30.69,quechua,
48,1090,M,Y,exact,day,41.26,quechua,
49,1093,M,Y,exact,day,41.36,quechua,
50,1094,M,Y,exact,day,41.4,quechua,
51,1095,M,Y,exact,day,23.2,quechua,
52,1096,F,Y,exact,day,23.23,quechua,
2,1,F,Y,extrapolated,month,11.43,phonSES,
3,2,F,Y,extrapolated,month,10.81,phonSES,
4,3,M,Y,extrapolated,month,11.14,phonSES,
5,4,F,Y,extrapolated,month,11.7,phonSES,
6,5,M,Y,extrapolated,month,11.47,phonSES,
7,6,M,Y,extrapolated,month,11.33,phonSES,
8,7,F,Y,extrapolated,month,11.76,phonSES,
9,8,M,Y,extrapolated,month,11.17,phonSES,
10,9,M,Y,extrapolated,month,11.7,phonSES,
11,10,F,Y,extrapolated,month,11.89,phonSES,
2,3249,f,Y,extrapolated,month,28.71,israel-natovich,
3,0769,m,Y,extrapolated,month,28.71,israel-natovich,
4,1391,f,Y,extrapolated,month,24.71,israel-natovich,
5,4261,f,Y,extrapolated,month,24.71,israel-natovich,
6,8347,f,Y,extrapolated,month,24.71,israel-natovich,
7,5470,f,Y,extrapolated,month,24.71,israel-natovich,
8,1621,f,Y,extrapolated,month,23.33,israel-natovich,
9,7143,f,Y,extrapolated,month,23.33,israel-natovich,
10,4798,m,Y,extrapolated,month,23.33,israel-natovich,
11,5941,m,Y,extrapolated,month,26.64,israel-natovich,
12,1231,f,Y,extrapolated,month,26.64,israel-natovich,
13,9585,m,Y,extrapolated,month,28.35,israel-natovich,
14,9136,m,Y,extrapolated,month,28.35,israel-natovich,
15,7044,f,Y,extrapolated,month,21.91,israel-natovich,
16,0231,f,Y,extrapolated,month,21.91,israel-natovich,
17,0718,f,Y,extrapolated,month,21.91,israel-natovich,
18,0745,m,Y,extrapolated,month,21.06,israel-natovich,
19,1230,f,Y,extrapolated,month,21.06,israel-natovich,
20,2147,m,Y,extrapolated,month,17.38,israel-natovich,
21,4418,m,Y,extrapolated,month,17.38,israel-natovich,
2,PM28,F,N,exact,day,30.78,cougar,hearing_loss
3,SN01,M,N,exact,day,24.34,cougar,hearing_loss
4,PX78,M,N,exact,day,31.74,cougar,hearing_loss
5,TM19,F,N,exact,day,25.26,cougar,hearing_loss
6,SE57,F,N,exact,day,34.5,cougar,hearing_loss
7,S1PS,F,N,exact,day,33.58,cougar,hearing_loss
8,RK22,M,N,exact,day,33.58,cougar,hearing_loss
9,CW41,M,N,exact,day,27.14,cougar,hearing_loss
10,S1NK,F,N,exact,day,29.93,cougar,hearing_loss
11,HE47,M,N,exact,day,28.02,cougar,hearing_loss
12,PC01,F,Y,exact,day,28.02,cougar,
13,CK67,F,N,exact,day,32.66,cougar,hearing_loss
14,LH56,F,N,exact,day,32.66,cougar,hearing_loss
15,KM33,F,N,exact,day,28.98,cougar,hearing_loss
16,WA50,F,N,exact,day,26.18,cougar,hearing_loss
17,S1AC,M,N,exact,day,38.24,cougar,hearing_loss
18,SC36,M,N,exact,day,38.24,cougar,hearing_loss
19,ML77,F,N,exact,day,46.09,cougar,hearing_loss
20,S1GN,M,N,exact,day,44.42,cougar,hearing_loss
21,GJ44,F,N,exact,day,37.06,cougar,hearing_loss
22,WA04,M,N,exact,day,49.25,cougar,hearing_loss
23,S1JI,F,N,exact,day,41.23,cougar,hearing_loss
24,S1OP,M,N,exact,day,47.18,cougar,hearing_loss
25,BN31,F,N,exact,day,39.16,cougar,hearing_loss
26,MA28,F,N,exact,day,48.33,cougar,hearing_loss
27,CD15,M,N,exact,day,48.33,cougar,hearing_loss
28,S1AJ,M,N,exact,day,43.07,cougar,hearing_loss
29,BW36,M,N,exact,day,40.08,cougar,hearing_loss
30,PP30,F,N,exact,day,42.15,cougar,hearing_loss
31,CI40,M,N,exact,day,39.03,cougar,hearing_loss
32,MH93,M,N,exact,day,31.67,cougar,hearing_loss
33,ME69,F,N,exact,day,29.57,cougar,hearing_loss
34,JA39,F,N,exact,day,29.57,cougar,hearing_loss
35,HW14,M,N,exact,day,39.69,cougar,hearing_loss
36,S1FM,M,N,exact,day,36.9,cougar,hearing_loss
37,CK39,F,N,exact,day,32.79,cougar,hearing_loss
38,MM28,F,N,exact,day,33.71,cougar,hearing_loss
39,WK31,F,N,exact,day,34.63,cougar,hearing_loss
40,CJ41,F,N,exact,day,28.65,cougar,hearing_loss
41,SE01,F,N,exact,day,28.65,cougar,hearing_loss
42,SL59,M,N,exact,day,35.81,cougar,hearing_loss
43,SC42,F,N,exact,day,40.64,cougar,hearing_loss
44,WE17,F,N,exact,day,37.62,cougar,hearing_loss
45,S1HP,F,N,exact,day,30.69,cougar,hearing_loss
46,S1BS,F,N,exact,day,30.78,cougar,hearing_loss
47,SA73,M,N,exact,day,30.78,cougar,hearing_loss
48,CD37,M,N,exact,day,35.75,cougar,hearing_loss
49,RJ22,M,N,exact,day,35.75,cougar,hearing_loss
50,KA05,F,N,exact,day,25.86,cougar,hearing_loss
51,S1JT,M,N,exact,day,25.86,cougar,hearing_loss
52,S1LM,F,N,exact,day,34.96,cougar,hearing_loss
53,VA66,F,N,exact,day,34.96,cougar,hearing_loss
54,SB51,M,N,exact,day,34.96,cougar,hearing_loss
55,S2SJ,F,N,exact,day,34.96,cougar,hearing_loss
56,AR31,M,N,exact,day,28.98,cougar,hearing_loss
57,WH09,F,N,exact,day,28.98,cougar,hearing_loss
58,S1FA,F,N,exact,day,27.01,cougar,hearing_loss
59,S1SE,F,Y,exact,day,27.01,cougar,
60,ML99,M,Y,exact,day,27.01,cougar,
61,BE05,M,Y,exact,day,27.7,cougar,
62,FM07,M,Y,exact,day,29.86,cougar,
63,S1WE,F,N,exact,day,29.86,cougar,hearing_loss
64,SM42,M,Y,exact,day,32.89,cougar,
65,S1GC,M,Y,exact,day,32.89,cougar,
66,FJ11,M,Y,exact,day,36.67,cougar,
67,S1SA,F,Y,exact,day,36.67,cougar,
68,NF30,F,Y,exact,day,31.97,cougar,
69,ML27,M,Y,exact,day,31.97,cougar,
70,S1MA,M,Y,exact,day,31.97,cougar,
71,WG24,F,Y,exact,day,33.87,cougar,
72,S1SJ,M,Y,exact,day,33.87,cougar,
73,PA99,F,Y,exact,day,41.43,cougar,
74,RH29,F,Y,exact,day,46.0,cougar,
75,IA03,M,Y,exact,day,48.56,cougar,
76,S1RJ,F,Y,exact,day,49.45,cougar,
77,KC10,M,Y,exact,day,47.64,cougar,
78,IA02,F,Y,exact,day,37.03,cougar,
79,IA01,F,Y,exact,day,37.03,cougar,
80,BS80,M,Y,exact,day,39.36,cougar,
81,TP18,M,Y,exact,day,39.36,cougar,
82,S1WR,M,Y,exact,day,39.36,cougar,
83,DI46,M,Y,exact,day,39.36,cougar,
84,IH99,M,Y,exact,day,38.21,cougar,
85,AM28,F,Y,exact,day,40.54,cougar,
86,S1RA,F,Y,exact,day,40.54,cougar,
87,S1VL,M,Y,exact,day,42.55,cougar,
88,BH35,M,Y,exact,day,42.55,cougar,
89,WM15,F,Y,exact,day,42.55,cougar,
90,SL49,F,Y,exact,day,43.3,cougar,
91,BN32,F,Y,exact,day,43.3,cougar,
92,S1HR,F,Y,exact,day,43.3,cougar,
